"","baseMean","log2FoldChange","lfcSE","stat","pvalue","padj"
"b0002",4124.25946229582,2.52693842935135,0.167854441421797,15.0543435606894,3.23292416299298e-51,1.82854190658883e-49
"b0003",2544.44249237009,1.94038598464791,0.213511878099177,9.08795333506735,1.00920836209107e-19,1.52350956298588e-18
"b0004",3138.20344634697,1.39235870482472,0.209007087987265,6.66177744608142,2.7053549196779e-11,1.80442068699271e-10
"b0008",20984.2781587225,0.720250387863648,0.206683265470941,3.48480263374257,0.000492500169924196,0.00123620456853162
"b0010",678.293775845347,-0.987129419079533,0.244552095604294,-4.03647908491773,5.42593603678657e-05,0.000160619823224345
"b0011",47.7557518582457,-2.20797716913564,0.572047163390836,-3.85978169360679,0.000113488365436253,0.000319030911981832
"b0013",34.3799834454787,-1.81434974947397,0.63057671222482,-2.87728632266251,0.00401111461353848,0.00839011252003464
"b0014",43046.6885605157,2.16756556622345,0.183728853009394,11.7976329287411,4.01445389184766e-32,1.35153281025538e-30
"b0015",4931.82551481774,1.36592609360027,0.187642893797691,7.27939153972416,3.35329137852542e-13,2.75671744722962e-12
"b0019",10896.4050850738,1.91838255646692,0.166182697297479,11.5438164602231,7.9325858000277e-31,2.43840789592156e-29
"b0020",1681.53058561805,0.843004924591714,0.200159748372344,4.21166059333532,2.53500236453188e-05,8.00110121305373e-05
"b0022",55.7489495335941,-3.15066117802817,0.577705313028072,-5.45375143170108,4.93181292702956e-08,2.23751341566411e-07
"b0023",6401.48199882916,-1.95120871758907,0.230254254785943,-8.47414836873706,2.36805468318217e-17,2.90728947235424e-16
"b0024",105.499555735931,1.12039863106949,0.411885687206177,2.72016888634602,0.006524858191309,0.0129641444719123
"b0031",965.529081196566,0.713584258833256,0.241011390648894,2.96079059546529,0.00306850492761399,0.00652461047766344
"b0032",1607.02090839164,-2.93044866354174,0.241813414708528,-12.1186356310049,8.41483045656e-34,3.07721644799375e-32
"b0033",6018.51585394943,-0.759313856180233,0.212265148701614,-3.57719512988738,0.000347300917759131,0.000895048902268671
"b0036",33.4832376764844,-2.25525856850358,0.725074311999499,-3.11038266172246,0.00186845114506291,0.00415843114236981
"b0037",138.747855749231,-0.767315244432158,0.329262458641226,-2.33040610702676,0.0197846973077261,0.0352929713958679
"b0038",152.24599013386,-0.823461405402612,0.37038896361169,-2.22323418433686,0.0262000128843386,0.0451053748476569
"b0040",36.1659451221048,-2.05343748535548,0.631872921858785,-3.24976338488262,0.00115501066095484,0.00270693658771846
"b0041",34.2143644763278,-1.9572933393193,0.698031617905277,-2.80401816925277,0.0050470060850721,0.0102633747904486
"b0046",152.426977602919,-0.814054329517726,0.319493021308889,-2.54795652869892,0.0108355972532542,0.0204924670300063
"b0053",9140.24215378256,0.492615393937354,0.189431865155302,2.60048853730861,0.00930911289868961,0.0179089600527172
"b0056",286.141134502938,-0.989804552166467,0.255222571182666,-3.87820147559774,0.000105231552658311,0.000297594830917703
"b0059",3508.56630311314,-0.672543018787311,0.187914086003764,-3.57899204412935,0.000344921966984864,0.000889458348905648
"b0060",3750.32341920676,-1.34819907677355,0.19539083935197,-6.90001169576306,5.19982580591306e-12,3.74493396751837e-11
"b0061",253.566472577319,-1.88467090643889,0.2963719985485,-6.35913958022074,2.02886984866711e-10,1.23301803696932e-09
"b0062",1050.47794819143,-1.10686500101858,0.266385465152237,-4.15512535710615,3.25109246726711e-05,0.000100153480364176
"b0063",669.667647441957,-1.67445589698996,0.257992568474615,-6.49032608532178,8.56507868379477e-11,5.43095123716852e-10
"b0064",1567.40658441882,0.620309998961684,0.263170083275276,2.35706882500334,0.0184198325671952,0.0331246659273765
"b0066",520.170375872337,-0.82783082996644,0.224543987632951,-3.68672008853627,0.000227162984236932,0.000604912353504749
"b0067",577.713515529022,-1.16908106462545,0.223003055536088,-5.24244415313072,1.58463361992045e-07,6.76259136388589e-07
"b0068",850.444277087346,-1.22523902426575,0.215303288240941,-5.69075853079684,1.2647625884271e-08,6.16680793115834e-08
"b0069",598.080074258394,0.67064947779783,0.242705331733684,2.7632251545826,0.00572332710117933,0.011517245523341
"b4662",105.606483793116,2.03680487588926,0.378570691265648,5.38024977337721,7.43825630916785e-08,3.28339912529505e-07
"b0070",437.813456132695,-0.768808388282082,0.242028620857689,-3.17651848594441,0.00149054289620353,0.00338484098805963
"b0071",294.152366736339,0.815124678457914,0.267628459091935,3.04573243527103,0.00232114291683585,0.00507279147512503
"b0072",431.421066098677,0.927766974667632,0.226180574749358,4.10188618406216,4.09795848613659e-05,0.000123902636480338
"b0073",307.964473247592,0.968410993143346,0.263540802838888,3.67461502246151,0.00023820831468012,0.000631549794295667
"b0074",340.319096492967,0.802003127176669,0.317949218816293,2.52242521671379,0.0116548728739383,0.0219245989939008
"b0080",4568.94702420105,0.709850542209749,0.212157159036515,3.34587126559125,0.000820244680367485,0.0019736119875887
"b0081",1983.57417920429,0.415332667712221,0.180840113051208,2.29668440648791,0.0216367796348533,0.0382270800545804
"b0082",3029.66518438834,0.686456651978838,0.173170778288554,3.96404438879979,7.36905409062609e-05,0.000213248910515384
"b0083",789.293562256245,0.522541766952208,0.210136482834218,2.48667799091534,0.0128942050360405,0.0240427330825863
"b0085",3727.74288268568,0.852754602105332,0.200054520960969,4.26261100228624,2.02052073879929e-05,6.51295514740623e-05
"b0086",3308.62754163804,0.743867533934883,0.178993025272497,4.15584647950626,3.24085395354814e-05,0.000100031730903889
"b0087",3119.28857444532,1.08342817229858,0.198202733375244,5.46626251741646,4.59623496031715e-08,2.09422435034e-07
"b0088",3811.49066463778,0.80811464814163,0.183478831556321,4.40440262937672,1.06075771709095e-05,3.59403692963245e-05
"b0089",2568.35952374872,0.639726129162198,0.193993747731286,3.29766364454346,0.000974928453024147,0.00231559154408087
"b0090",3274.26045841982,0.558166496196247,0.194735839705174,2.86627513990902,0.00415333098261558,0.00864920472668399
"b0091",4944.3523074117,0.667585573498774,0.196293161428574,3.40096195221601,0.000671491732380227,0.00164461196810446
"b0092",3708.1156737416,0.662840461848585,0.177503877888952,3.73423087839953,0.00018828970846766,0.000509390907729473
"b0093",2943.50055399581,0.496970275818757,0.187571141819572,2.64950285527824,0.0080610291085081,0.0157944043779637
"b0094",5064.49740789764,0.440356063780346,0.18492806040652,2.38122901852931,0.0172549807198095,0.0311603355527594
"b0095",14077.6623222098,0.79569127019564,0.191893150082874,4.14653295259368,3.37547618897342e-05,0.000103684069468684
"b0096",50839.5985739358,0.769711136577929,0.178918587883324,4.30201884378761,1.69248913658612e-05,5.55691866671696e-05
"b0104",1577.16517614498,-1.79543817889435,0.217467804192156,-8.2561103036102,1.50496552552785e-16,1.71614617185192e-15
"b0106",218.709989513983,-1.91356629952692,0.300848918439562,-6.36055568839061,2.01025156126934e-10,1.22345582825029e-09
"b0107",314.357319533418,-0.687093184137427,0.27633386190121,-2.48646032523898,0.0129020955072826,0.024046875721394
"b0108",37.1341235739377,-1.34590043759123,0.606764899697344,-2.2181580349532,0.0265440589363198,0.0455870032420521
"b0109",1383.53313099601,0.611302210191314,0.195732853339826,3.12314565368333,0.00178929175675248,0.00399903879459642
"b0110",612.913389869482,1.13834387509773,0.23208262654255,4.90490775658741,9.34712553081952e-07,3.64100151531097e-06
"b0111",968.347474873383,1.06675821381535,0.201345885708481,5.29813763048455,1.16989773933663e-07,5.06398592884285e-07
"b0112",1275.93893137059,0.807914786252504,0.193481561353774,4.17566811327959,2.97112735677087e-05,9.23334963181103e-05
"b0114",24701.4398524364,0.991123124276521,0.331102269745409,2.99340480220391,0.00275883561137974,0.00593758531885989
"b0115",23643.6762677148,1.33281803842935,0.296412972360453,4.49649024405242,6.90843478283024e-06,2.3981653313229e-05
"b0116",16075.903063042,0.634879918658323,0.186884878652232,3.39717115283441,0.000680863675454727,0.00166372333599018
"b0119",1953.06505169648,1.58879526093376,0.196175873214669,8.09883108915841,5.54897649228697e-16,5.94413087885892e-15
"b0126",1996.13310186259,-0.655284186238212,0.177565356519104,-3.69038307406383,0.000223916595819158,0.000596642085090998
"b0127",1419.29481328889,-0.875276539543808,0.202489684612643,-4.32257347438802,1.54219699517766e-05,5.08313881394221e-05
"b0129",627.943329784761,0.505776053084826,0.229342047163165,2.20533504144137,0.0274305926390595,0.047014373323188
"b0130",546.8444545791,-1.04296352555477,0.223693556152179,-4.66246566729547,3.12443223183017e-06,1.12990976363372e-05
"b0133",2817.24148852063,0.693497906466923,0.185177876540396,3.74503649908545,0.000180367551866209,0.00048889402876451
"b0135",70.1862343355272,-2.55179746451075,0.561169339671718,-4.54728596897961,5.43421377720269e-06,1.90985375666063e-05
"b0137",16.3715007663826,-3.67483444004662,1.06177796088797,-3.46101970036497,0.000538133430206551,0.0013412232731705
"b0138",22.9123384575468,-4.14305465230226,1.08398100321603,-3.82207311752729,0.000132334435916193,0.000367624542997048
"b0139",66.4759184167103,-3.31407392193416,0.66538276782386,-4.98070296105333,6.33537191104949e-07,2.52581274874736e-06
"b0140",14.9719649844971,-2.96432136576623,1.22144574450578,-2.42689565140337,0.0152286352380815,0.027892862987885
"b0141",22.3378325247727,-3.50194486671256,1.04335895542404,-3.35641425082637,0.000789602020691037,0.0019031203248701
"b0142",120.920570040839,-1.67486076066424,0.364115487900158,-4.59980642494255,4.22883718550074e-06,1.4936492373767e-05
"b0143",3382.40090373833,-1.81369785815578,0.217867217780882,-8.32478551215487,8.44815708929731e-17,9.84535230021956e-16
"b0144",607.735600515882,-1.60158929491758,0.258075266848484,-6.20589998598305,5.4384758563791e-10,3.14734168932608e-09
"b0146",4390.59474394367,0.671471996668004,0.173392996820836,3.87254392610691,0.000107705256808541,0.000303874621863694
"b0151",541.1805626731,0.506473050374286,0.231806016248204,2.18490036872893,0.0288961524821973,0.0492279031443699
"b0154",4218.24064877732,0.572602770989905,0.18457459983259,3.1022836918474,0.00192033831437792,0.00426437535525038
"b0157",389.678330684992,-1.3309703182878,0.287926156159325,-4.62260996375509,3.78941817560645e-06,1.34741927082335e-05
"b0159",2409.9809392824,0.753937368649738,0.193035250727126,3.90569787543884,9.39538396078284e-05,0.00026762156802797
"b0161",2967.91934143106,-0.894227260219392,0.222607641160724,-4.01705554920171,5.89298367846436e-05,0.000173477007384079
"b0162",982.662611635629,-2.27058313758287,0.236958376764285,-9.58220244664123,9.49971746922359e-22,1.61838560258821e-20
"b0163",3253.43493178253,0.981192732306439,0.202099531731802,4.8549975544156,1.20388229238088e-06,4.64260789479973e-06
"b0164",187.897125293058,-1.03980840752439,0.307260225746861,-3.38412954360401,0.000714043048053985,0.00173978782874498
"b0166",4412.29695327774,1.11891070465447,0.189937248594899,5.89094931579692,3.83983322502798e-09,1.99126803674434e-08
"b0169",40637.143336125,-1.4166803629836,0.172953095488685,-8.19112464556194,2.587963973106e-16,2.86635592008242e-15
"b0171",2044.82733497155,0.574508438367431,0.179288331085654,3.20438276651124,0.00135352399979607,0.0031089229308857
"b0173",2214.07540997272,0.820940384690662,0.189969247041036,4.32143832476911,1.55015383591377e-05,5.10539795958556e-05
"b0174",4177.62083374664,-0.598399220090476,0.185973489225464,-3.21765872427661,0.00129241495430921,0.0029828205855167
"b0175",2760.9377798975,-0.494064431411552,0.192393785048293,-2.56798540185452,0.0102291463724642,0.0195108088633063
"b0176",6026.33313600372,-0.555093972960856,0.180331377295204,-3.07818850655236,0.00208263129067123,0.00459802182525006
"b0183",683.472757257369,-0.66873497361548,0.218864856154073,-3.05546987015912,0.00224708179156555,0.00492361619825468
"b0184",5664.74078198843,-0.626528728786475,0.184421434766441,-3.39726631874401,0.000680626917543807,0.00166372333599018
"b0185",3478.33745484313,-0.444410693036376,0.175955213664673,-2.52570346612923,0.0115466897377312,0.021740371889683
"b0186",2400.51011699138,0.964462900508768,0.17344359755473,5.56067167716834,2.68738346775493e-08,1.26947446216218e-07
"b0187",528.958525963197,0.647817704213542,0.230801475255567,2.80681786585728,0.00500335220803566,0.0101892559128599
"b4406",844.461108779703,0.449472564410689,0.198232371278449,2.26740245052779,0.0233656519348644,0.0408561811655791
"b0192",1427.46541299274,0.495675264718932,0.190370015195046,2.60374652074845,0.00922109263224394,0.0177557307970852
"b0193",268.908900649342,-1.2396316970269,0.265863393420245,-4.6626640887993,3.12142023904497e-06,1.12978367355194e-05
"b0194",7681.21191003661,0.520555655556657,0.178080305111345,2.92315118862347,0.00346508220863278,0.00732015872959176
"b0196",435.397733169431,-0.502533627795974,0.230277023074953,-2.18230034888198,0.0290873732862796,0.0495138994704647
"b0197",1971.75055910687,1.19107597691892,0.244737242660078,4.86675409093024,1.13446041736808e-06,4.39085865919289e-06
"b0198",740.742412293921,1.76370282260486,0.339144971153319,5.20043925937362,1.98818086829753e-07,8.40026219453996e-07
"b0199",1552.0100700133,2.87660166730532,0.376501623230155,7.64034333404947,2.16643258527444e-14,2.04677216631051e-13
"b0200",46.518997523406,1.45741224912333,0.524375501257547,2.77932940350607,0.00544712568296296,0.0109979567573198
"b0207",127.664487743688,1.50556984084166,0.398582021119512,3.77731498428581,0.0001585281888147,0.00043469720552809
"b0208",477.836896495794,1.49995892927651,0.247643170845198,6.05693637404656,1.38738432165086e-09,7.51632732112763e-09
"b0209",2227.79326113455,1.93697969600807,0.18162883209791,10.664494582908,1.4920805499067e-26,3.70140683783872e-25
"b0213",521.109809897561,0.556926842068029,0.240780304201628,2.31300829988844,0.0207221828135073,0.0367643243391459
"b0215",1152.9991280644,0.479404322664206,0.187969489873378,2.55043689796226,0.0107587998490786,0.0203744772141925
"b0217",142.416726506793,-3.64667940724811,0.579372488749139,-6.29418807082342,3.0901298968356e-10,1.84624380596853e-09
"b4586",28.980422883482,-2.97831484904116,0.843783089549634,-3.52971621015873,0.000416005635680105,0.0010587899026257
"b0219",1092.36715062655,1.17914003392728,0.192422787367992,6.12786068664664,8.90685190015382e-10,4.97797967858399e-09
"b0222",2147.23422360412,0.57225946444068,0.186764503810959,3.06406973896878,0.00218348003971445,0.00479696741358525
"b0226",1168.02181226432,1.31886310642333,0.202031646517631,6.52800256373811,6.66525563611353e-11,4.27746057615637e-10
"b0228",273.019673201765,0.85295052116164,0.339534959983024,2.51211398438701,0.012001031894009,0.0225059139232477
"b0231",2102.88747521708,-1.63717438426094,0.196803355427744,-8.3188336941848,8.88330898058722e-17,1.02959007365167e-15
"b0234",85.1264655543744,-3.3325399879548,0.472521698718201,-7.05267080219787,1.75515760341028e-12,1.34636140210966e-11
"b0237",7031.12316162207,0.970916996022442,0.202431427042204,4.79627600421955,1.61642522743393e-06,6.14966440786972e-06
"b0238",953.54313652197,-1.71285558821049,0.209470935078528,-8.17705610359913,2.90862603426254e-16,3.19647451744604e-15
"b0239",2392.89822817115,1.37316467013617,0.212271737301187,6.46890013524417,9.87188076837174e-11,6.20392862510117e-10
"b0240",3062.61190886112,0.533863816264748,0.200876181984117,2.65767604198571,0.00786814854723508,0.0154664903324241
"b0241",68.0842066716425,-2.50649134551199,0.539643935374452,-4.64471326592925,3.40549099108531e-06,1.22217367040473e-05
"b0243",2343.7888703741,0.408379592130479,0.175779885969349,2.32324415207374,0.0201660401238305,0.0358826938780575
"b0245",323.590992930177,-4.51574471532897,0.346189503516982,-13.0441410541133,6.86260461783368e-39,2.85403615576965e-37
"b0246",213.143794596568,-3.80480866386663,0.392819076390893,-9.68590603802673,3.46125773109616e-22,6.11777303971246e-21
"b4504",62.4745612064191,-4.48653678171394,0.693080993922022,-6.47332248475814,9.58710323110451e-11,6.03390087631236e-10
"b0247",175.320074981978,-3.78568248249545,0.429754083972445,-8.80895056889833,1.26322872030621e-18,1.72302772718294e-17
"b0248",429.469432706796,-1.38370796452252,0.298637231349527,-4.63340742301156,3.59695650710754e-06,1.28436780329547e-05
"b0249",217.361460365761,-1.35697809665353,0.389128037917798,-3.48722776162479,0.000488055525203482,0.00122722675632079
"b0250",645.174719644093,0.75660496875012,0.237893978756039,3.18042925132636,0.00147057042740896,0.0033511932890575
"b0251",82.0925161575979,-1.73812789001047,0.479190549633787,-3.62721654535718,0.00028649301354724,0.00074787899290301
"b0252",149.501579557222,-1.26008226669603,0.321158747787778,-3.9235495697246,8.72538022827298e-05,0.000250088263029284
"b0253",548.558421814014,-0.593278353928405,0.216425895079003,-2.74125401543026,0.00612051701266891,0.0122237444292568
"b0260",391.070897885447,1.65759396794921,0.272594948071104,6.0807948924895,1.19588190326985e-09,6.52886876920296e-09
"b0261",1461.93294936382,1.53081041499599,0.201481493456348,7.59777182874439,3.01272914861778e-14,2.82119140142089e-13
"b0262",206.067690395221,-1.0596709244809,0.336961826962155,-3.14478032729777,0.00166211584802271,0.00373843872073824
"b0264",14.554240282947,-2.33316487734782,0.975171183181803,-2.39256954838959,0.0167308568628839,0.0303300405180997
"b0266",140.245391265311,0.895823974940931,0.319002347260945,2.80820496348305,0.00498185081271956,0.0101552191963269
"b0271",478.100937094931,0.515767690407434,0.220642030343016,2.33757679625051,0.0194092128112219,0.0347107423040487
"b0272",368.13477300636,-1.72356984337244,0.300932365905412,-5.72743260163047,1.01961925066055e-08,5.05283278189492e-08
"b0277",143.978013773919,-1.67619970233172,0.386272163269068,-4.33942660570164,1.42854966560893e-05,4.74171180087096e-05
"b0278",36.2404185641772,-3.47343795383415,0.716120799307542,-4.85035200373011,1.23242561842747e-06,4.74405578345673e-06
"b0279",29.3166635761147,-2.48087732099663,0.738666811118523,-3.35858777415486,0.000783418369352018,0.00188928977986996
"b0283",390.615732537488,1.26211929687522,0.249764862196531,5.05323000911997,4.34400232684327e-07,1.76337395889657e-06
"b0284",847.555327311293,1.92294552624138,0.224266373778429,8.57438185602098,9.96203877527695e-18,1.25397532595623e-16
"b0285",229.396864892302,0.837985894794524,0.305845447948947,2.7398998429246,0.00614579095815191,0.0122626741507434
"b0286",175.154281240099,1.06749263851175,0.362026235193874,2.94866099397486,0.00319153858108805,0.00677602935984759
"b0287",189.622956378864,1.00348719494422,0.336373996931053,2.9832484202098,0.00285206400404855,0.00611341864839512
"b0288",62.0431783362267,-1.58284605575127,0.514107901917581,-3.07882071029716,0.00207821709692836,0.00459156089852609
"b0301",39.3394920302393,-3.35565601056194,0.702612714095826,-4.77596824429834,1.78844616326698e-06,6.74363433295871e-06
"b0305",63.3584496561495,-2.40611869464938,0.498357587552074,-4.82809684200496,1.37844060422005e-06,5.27738722301575e-06
"b0308",141.053246323957,-0.97529797038911,0.38059357261386,-2.56257078565701,0.0103900405545382,0.0197378199876181
"b0310",27.2445132671323,-2.49180406624556,0.76653664639581,-3.25073051361838,0.00115108910689083,0.00269923714285842
"b0311",646.352187781579,1.04276972247528,0.318651555212097,3.27244510632063,0.00106621574734518,0.00251690996117877
"b0312",1163.88804638903,0.968988282119906,0.291777137854102,3.3209876868572,0.000896994945820459,0.00214369158319459
"b0314",1481.52782846334,1.12549151335071,0.267607736191919,4.20575103457975,2.60216568590689e-05,8.18871427271291e-05
"b0315",326.86827074737,-3.71261485006611,0.392318725550321,-9.46326190486644,2.9848359796467e-21,4.92672148858417e-20
"b0316",291.490757901684,-1.17757799424061,0.313096036389519,-3.76107601942173,0.000169183998562442,0.000460640899808651
"b0317",16.9305687996096,-4.77953487294604,1.34187170664538,-3.56184190282593,0.000368262130308379,0.000945050185582663
"b0322",75.8896082303549,1.06118297305677,0.431728392314032,2.4579874568103,0.0139718053912627,0.0258362678595189
"b0324",440.536623630339,0.951384442026679,0.234876033083969,4.05058119185177,5.10905781976471e-05,0.000151875425868549
"b0325",1643.993517778,0.57175505870397,0.249651484935161,2.29021292964657,0.0220089762707178,0.0388038559186969
"b0326",18.3172236800104,-3.23140133034775,1.0363552871783,-3.11804394721229,0.0018205565464395,0.00406035797581302
"b0327",7.26623990068963,-4.5295879490677,1.86832027046825,-2.42441728041224,0.015332975991345,0.028071853325544
"b0328",203.818567571889,-0.76480454593455,0.331369622806322,-2.30801043094273,0.020998556334741,0.0371924325561467
"b0329",6374.92894732814,0.725847601601862,0.223887737337553,3.24201588811231,0.00118687405416927,0.00277242276309803
"b0331",3675.80073683283,5.41687937254523,1.88626082840823,2.8717552159085,0.0040819902179399,0.00852155635064028
"b0333",5132.2022588675,6.84927506854488,2.12267510073217,3.22671852427268,0.00125218574653914,0.00290419460733682
"b0334",12786.183787986,8.10701877502989,2.25188810241749,3.60009840912019,0.000318096768184723,0.000824796143422736
"b0335",19277.1333351699,7.85486014802885,2.19013676156569,3.5864701629014,0.000335184396163205,0.00086698305397824
"b0336",458.547467512216,-1.77836335781918,0.244406133914103,-7.27626319904141,3.43193709525669e-13,2.81591434392241e-12
"b0339",258.617967756704,2.66585836091252,0.373001915139214,7.1470366577543,8.86712048656715e-13,7.00452981452846e-12
"b0340",160.440550979634,3.01454104060304,0.339198786940944,8.88724003935749,6.2645572596219e-19,8.79942115738944e-18
"b0341",253.238547263576,1.90488979922611,0.317765410596683,5.99464175678911,2.03934505386681e-09,1.08543308889624e-08
"b0343",64.5231623848349,-1.46921944740278,0.525902810031986,-2.79370906444371,0.00521073349017547,0.0105677145998052
"b0345",846.718167735974,-0.743996463222114,0.214282057330596,-3.47204274819087,0.00051651408176648,0.00129113301994897
"b0352",110.43791643553,1.40409255712902,0.368368964819248,3.81164726463312,0.000138043774005192,0.000381984141767792
"b0353",187.352935737876,0.760514680033212,0.289754664806983,2.62468485378767,0.00867291999936703,0.0168146831066339
"b0355",419.861310805814,-1.1533472626691,0.27938302145965,-4.12819382023784,3.65623871972354e-05,0.000111581040640772
"b0363",52.0341428747592,-1.79165866814077,0.515513520170911,-3.47548337344629,0.000509933601714484,0.00127769541551851
"b0368",161.987443426168,-0.929637325632035,0.326353725388159,-2.8485574188753,0.00439179276799011,0.00910450968175116
"b4580",401.025105208399,-0.933719651012651,0.230066367781804,-4.05847955968165,4.93932558698298e-05,0.000147139179353805
"b0375",20.2148900595917,-4.02219117296491,1.02832144002914,-3.9114142877843,9.17572204330127e-05,0.000262231256193804
"b0376",953.572050202067,-0.9263516886583,0.250223368653404,-3.70209902313893,0.00021382312782392,0.000571542349230666
"b0380",356.8796127253,0.671263483110418,0.289089019324705,2.32199578067147,0.0202331628233896,0.0359719516751127
"b0383",983.077041705966,-1.16742694449601,0.216728882996131,-5.38657759112269,7.1811935984282e-08,3.18646686658289e-07
"b0384",1536.33383524073,0.980846161604741,0.206338997441313,4.75356657620533,1.99859250328738e-06,7.4696294263833e-06
"b0385",184.963492172057,-0.913476194552247,0.30740768447576,-2.97154638834111,0.00296304107808976,0.00631660853909188
"b0387",1242.39608003399,1.36083291182278,0.207913507372691,6.54518760718826,5.94207440619972e-11,3.83657224217644e-10
"b0388",1594.71923862994,1.21353236982732,0.199026703476667,6.09733442110488,1.078517383475e-09,5.94165031259865e-09
"b0389",1144.21704136402,0.842042422688128,0.200043074311338,4.20930554875201,2.56156787540933e-05,8.0729353101682e-05
"b0391",2008.14630468671,0.997872607361479,0.222229904309182,4.49027150717379,7.11324444961608e-06,2.4632149351242e-05
"b4732",60.8498991028111,-1.08600096238979,0.471214825138656,-2.30468335131484,0.0211843139830376,0.0374901376370653
"b0393",737.2084802059,-0.711472741390339,0.211096826041389,-3.37036209749001,0.000750694691426252,0.00182176595024609
"b0397",884.988226973739,0.646949018308608,0.20009056995789,3.23328090096781,0.00122377167159631,0.00285076300434462
"b0401",4283.33194976651,1.91329949455179,0.196318527949284,9.74589364813322,1.92081314002307e-22,3.46727205956504e-21
"b0404",380.54493782948,0.612609154536093,0.268261204529182,2.28362932915054,0.0223933245900958,0.0393996196230554
"b0405",894.227290019792,-1.25117753376539,0.207320348334292,-6.03499629350392,1.58966336280236e-09,8.56842691868819e-09
"b0406",2682.43124338579,-0.832864861510115,0.180137350362614,-4.62349901246782,3.77320538902216e-06,1.34277997149597e-05
"b0408",5255.96279795949,-0.471954869647542,0.19318485193341,-2.44302213617774,0.0145648438894781,0.0268043678000721
"b0411",2845.67623234559,-1.16783944687099,0.201378013134304,-5.79924008929478,6.66161000463049e-09,3.36011291791231e-08
"b0412",637.315122408811,0.707697944804959,0.299498939497457,2.36293973525395,0.0181306176476644,0.0326582080940095
"b0413",1825.68450787039,1.4251574549345,0.202917015744564,7.02335114532,2.16608905740821e-12,1.63788766159102e-11
"b0414",3707.32290655106,1.33955821482975,0.191798413970645,6.9841986025743,2.86486558666917e-12,2.1395703906075e-11
"b0415",2230.90786598018,0.573392374816642,0.192850576115502,2.97324688557438,0.00294667329945041,0.00629078416520818
"b0417",814.156988519891,0.727672396760504,0.2077328020252,3.50292486148735,0.000460179254083103,0.00116264466695683
"b0418",2189.75905016429,1.77734796632132,0.198494282044143,8.95415196859954,3.42356979799084e-19,4.8734171419722e-18
"b0419",6165.370984332,1.69436717268531,0.1898287359782,8.92576755544478,4.42619116632929e-19,6.25863430918962e-18
"b0423",1661.37921275185,-0.815840287396478,0.179547696769463,-4.54386384273147,5.52323415033324e-06,1.93792880609707e-05
"b0424",741.475761292128,1.04891412963473,0.201372999669115,5.20881216130387,1.90053393347582e-07,8.04597299980482e-07
"b0425",1220.34309011108,1.69569457515127,0.20592715772914,8.2344387882129,1.80401324350868e-16,2.04069978105702e-15
"b0426",3231.77475868418,1.07424613109564,0.174362730891428,6.16098477927922,7.22939407620442e-10,4.08894528950122e-09
"b0427",720.832023742087,-1.1392290178165,0.212936351292812,-5.35009175699612,8.79096482167364e-08,3.84446111067418e-07
"b0431",17171.1693225901,-0.830254830393961,0.196085217665234,-4.23415309057826,2.29414627630775e-05,7.32262490902744e-05
"b0432",9201.10534320243,-1.35334460280272,0.218184881280972,-6.20274234794445,5.54876426975914e-10,3.20679264745481e-09
"b0433",1019.98898650903,-1.0984703957463,0.229526478131857,-4.78581122616826,1.70298066146954e-06,6.44428542903997e-06
"b0434",1126.1343939903,-1.28710726235688,0.193137076724474,-6.66421633891171,2.66081277515047e-11,1.77750673892729e-10
"b0435",13761.1369349215,1.59440719412138,0.179751251879768,8.87007560419022,7.30962585925309e-19,1.01663714409677e-17
"b0436",14145.7131031115,-0.99286145285084,0.16595822487867,-5.9825986544307,2.19605415926003e-09,1.16591511183743e-08
"b0437",9836.31355124552,1.25511772596427,0.167579471997247,7.48968660066486,6.90382655727838e-14,6.2710989841488e-13
"b0438",20826.9423479598,1.19382864590392,0.178523577882571,6.68723235364008,2.27430633078506e-11,1.53380086727985e-10
"b0439",10245.2237360127,0.858256096628363,0.171009309725032,5.01876826477087,5.20038354062019e-07,2.08901770637413e-06
"b0445",782.82955559697,0.758283617663646,0.244436561158701,3.1021693893465,0.00192107998677121,0.00426437535525038
"b0446",793.202117697795,1.39001952791664,0.218808884463592,6.35266493554073,2.11616329302066e-10,1.28239495557052e-09
"b0447",796.043874177136,1.34401957975054,0.329151298229791,4.08328810179031,4.44029177364443e-05,0.000133397434162887
"b0448",1073.97309447521,0.597843768375807,0.265922862033836,2.24818492025608,0.024564400840662,0.0427765090073032
"b0453",4031.24176537378,0.984351941467923,0.213986741385569,4.6000604294183,4.22368396375283e-06,1.49307228118663e-05
"b0454",822.805043023288,1.98647504163769,0.225902070271766,8.79352295996187,1.44941969247833e-18,1.97065331265804e-17
"b0459",676.404203315833,-1.90764506994305,0.258711252286815,-7.37364553370171,1.66024261757253e-13,1.41705214964641e-12
"b0460",959.851348180456,-0.58844044132238,0.229323353045522,-2.56598568574729,0.0102883073813198,0.0195884200680244
"b0463",2356.6968747784,-1.03136725871875,0.19063732192313,-5.41010148650022,6.29890429720295e-08,2.80377251088509e-07
"b0465",3780.87386530059,-0.512713639141243,0.193444024417177,-2.65044961035103,0.00803847172862593,0.0157574847841179
"b0468",532.513470835925,1.1140519353044,0.217058063839191,5.1325065542359,2.85908768649669e-07,1.19021098784288e-06
"b0469",1123.63592755422,-1.60840152070571,0.210948687065725,-7.62461024564035,2.44772800866127e-14,2.2971819054737e-13
"b0471",1588.24969057719,0.670597480790696,0.223656366754134,2.9983384355335,0.00271456042750294,0.0058527463467137
"b0472",1647.66258443227,0.513030461785038,0.181519138295711,2.82631609317837,0.00470867736336487,0.00968211797159175
"b0473",7182.27652452655,1.62165534716517,0.162976913328194,9.95021511973028,2.51638665773809e-23,4.87420648498857e-22
"b0474",3275.81676672252,-0.678044797967237,0.204884055605093,-3.30940734243443,0.000934937059850347,0.00222434268529735
"b0478",3234.09409992167,1.00385825766931,0.195996425852807,5.12181920308692,3.02601958860292e-07,1.2535522553568e-06
"b0479",457.420461712373,0.628381380275472,0.221090230746565,2.84219423967124,0.00448041849787913,0.00926666760994797
"b0480",2123.13803652793,0.887661025862436,0.202745720195993,4.37819858788801,1.19664289868399e-05,4.02550291531917e-05
"b0482",551.732535887142,0.731015463212136,0.246006745367158,2.97152609421793,0.0029632369148498,0.00631660853909188
"b0483",678.674096044338,1.51147982879287,0.282611683823608,5.34825669039308,8.88054567484606e-08,3.87564555068899e-07
"b0484",7290.16118117978,2.10035719149313,0.208024911061691,10.096661889067,5.71546462397117e-24,1.1712560838109e-22
"b0485",2642.91609195204,3.93499199755879,0.193400260399514,20.346363492118,5.00021113070273e-92,8.15803677555422e-90
"b0486",10665.2059973148,4.69595646340841,0.17143232201674,27.3924800653977,3.37086738525668e-165,1.78740243103235e-162
"b0487",2310.76609408497,2.68116856646342,0.19688438040217,13.6179851392308,3.13086742207541e-42,1.39801469520462e-40
"b0488",1197.0287656602,2.15659217548074,0.189414312394708,11.3855819458181,4.93377653904472e-30,1.46357203347047e-28
"b0489",2644.54937550787,2.4411741198559,0.187697922086084,13.0058665153272,1.13307236812666e-38,4.6216278707628e-37
"b0490",241.85067222351,1.70192239586877,0.273263112711278,6.22814539065494,4.71988965221269e-10,2.75402639679316e-09
"b0491",239.807191350029,1.20446683482987,0.270605224260609,4.45101101843436,8.54669559534706e-06,2.94756770044408e-05
"b0492",2355.96575081317,1.32033451077019,0.177673870343438,7.43122502041533,1.07596489093154e-13,9.60893277332971e-13
"b0493",662.502896264021,0.719185107141852,0.208720222143491,3.44568964020855,0.00056960414063512,0.00141560939371741
"b0494",684.17587686046,0.766612118646811,0.214030488808741,3.58178931849219,0.000341248945686005,0.000881057837857598
"b0495",565.058699976506,0.501511212152295,0.229746633878415,2.18288818289151,0.029044045486851,0.0494599923545652
"b0496",1052.752908669,0.657512105370633,0.233997412018539,2.80991186910452,0.00495550676588325,0.0101082753270283
"b0498",13.3139042662306,-3.00424849151669,1.06777183425599,-2.81356783831072,0.00489950470449039,0.0100162404609389
"b0506",4721.08074526371,2.10494138417165,0.180651052873263,11.6519740720713,2.24204072782409e-31,7.26010440261817e-30
"b0523",268.795953829358,-1.03561459271284,0.270781346829254,-3.82454184839352,0.000131015491767629,0.000364199027574235
"b0525",2605.12635317238,1.01472957670742,0.203873146327719,4.97725960964118,6.44907993576524e-07,2.56873212089354e-06
"b0526",1405.50127543227,-0.634603336114283,0.185844629212364,-3.41469828212858,0.000638526994105827,0.0015702211646359
"b0527",112.486107451468,-2.34818081539868,0.404020585447326,-5.81203260422685,6.17188157415536e-09,3.12797152181207e-08
"b0528",203.333920977178,0.932703912188957,0.283032424388008,3.29539597523398,0.000982830834880854,0.00233305450563211
"b0529",2311.89171463138,0.825360352915156,0.182005218287823,4.53481697217017,5.76534587705753e-06,2.01787105697014e-05
"b0531",20.1246742322555,-3.9924380197617,1.03838101795823,-3.84486806934516,0.000120617314764387,0.000337283222960138
"b0532",87.6786997723748,-2.4361698999239,0.521854648953117,-4.66829203267816,3.03713995058599e-06,1.10209988626055e-05
"b0533",16.8256302798739,-4.20780376560112,1.30890498370032,-3.21475112250357,0.00130557662370467,0.00300665365784757
"b0537",1009.68847471139,-1.03527664745495,0.194616427427136,-5.31957482285282,1.04010032176464e-07,4.51135538335952e-07
"b0542",51.3668757476822,-2.24878726976093,0.52747357715866,-4.26331738145912,2.01414117640245e-05,6.51295514740623e-05
"b0543",115.99730056645,-0.925849115188114,0.385526927893145,-2.40151607631602,0.0163272916279704,0.0296872572163954
"b0544",19.5846493183793,-2.19313338928691,0.90132441369631,-2.43323420065027,0.0149646180302018,0.0274448377363234
"b0545",208.867590897141,2.26625065032266,0.355857113871933,6.36842868100774,1.90974535599502e-10,1.16563162591811e-09
"b0550",7.56516733031114,-4.58793377693812,1.90445704281056,-2.40905080755581,0.0159940712085058,0.0291814408888093
"b0553",2100.46756089781,1.59778335471904,0.263815532987729,6.0564415469553,1.39165677141593e-09,7.52985717391119e-09
"b0554",15.9088144184601,-3.68718737259527,1.21844189637323,-3.02614953045396,0.00247689777876057,0.00537992850870576
"b0555",32.8801174193499,-2.5318297081569,0.712536890001247,-3.55326123276574,0.000380486422220356,0.000973476117647015
"b0557",57.3247589246979,-2.66496577334722,0.614345119555322,-4.33789687346453,1.43852619942155e-05,4.76736573277049e-05
"b0558",8.53787472421556,-3.690516123599,1.53347624113183,-2.4066340414085,0.0161002944431797,0.0293373921941445
"b0564",407.001499772128,-3.08049487804429,0.272208584410664,-11.3166705771371,1.08515345427789e-29,3.15289106373069e-28
"b0565",483.115439600313,-0.871839776528448,0.233154225244397,-3.73932651494763,0.0001845139358367,0.000499813611634279
"b0568",914.284359526129,0.871118940535657,0.200831822592926,4.33755432425349,1.44076930778045e-05,4.77107213396148e-05
"b0572",27.3635638850745,-1.82255054951027,0.802073476712296,-2.27229873874015,0.0230684729430277,0.0404365546381501
"b0574",36.9338668618366,-2.44334428896672,0.692707219182738,-3.52723953396847,0.000419916687014487,0.00106727776292118
"b0575",218.118064819559,-0.808340382257553,0.280726217995609,-2.8794616620746,0.00398354727607562,0.00834067499758775
"b0576",659.466731248899,-1.18087058367436,0.219425016209165,-5.38165886495231,7.38025287402881e-08,3.26937763763496e-07
"b0578",2377.63289650445,-1.70104131846573,0.270777127665142,-6.28207165477186,3.3409078659085e-10,1.98211624715858e-09
"b0579",243.361812386863,1.19265647267867,0.289189086723003,4.1241406658649,3.72121436153413e-05,0.000113400799724337
"b0580",289.901800099984,0.936248727622867,0.252165115368128,3.71284000269453,0.000204946458691157,0.000550242327701195
"b0581",3272.94034483841,1.70934938350619,0.171756192471771,9.9521848901438,2.46706280170446e-23,4.8227098639771e-22
"b0583",107.943209270775,-1.83579368804734,0.563514612926453,-3.25775702339583,0.00112296512925272,0.00264058651789913
"b0586",796.680511579505,0.665650013237112,0.293757820425485,2.26598227163101,0.0234524687209905,0.0409910887162924
"b0587",15.1446071229834,-3.55094235713305,1.12701717811488,-3.15074377399694,0.00162855289795651,0.00367073400272663
"b0591",368.172433572462,-1.31349467608484,0.464427210018632,-2.82820353276059,0.00468100353529342,0.00964391306299888
"b0593",302.443252836917,-1.32887886444953,0.422545923481933,-3.14493358141781,0.00166124540808248,0.00373843872073824
"b0595",263.570670370377,1.21662871474766,0.437919703184674,2.77820044610917,0.00546608871836048,0.0110309935029901
"b0596",266.22720238872,0.894148993896023,0.265560113870515,3.36703046577244,0.000759822937611642,0.00183865881423194
"b0597",163.984625265134,0.843954838915473,0.37052905009061,2.27770221716513,0.0227443255536389,0.0399013354005526
"b0598",15320.676730711,1.46678712208994,0.257676788792982,5.69235253575113,1.25300804066602e-08,6.11652486594388e-08
"b4512",1239.17506122089,2.14357775846929,0.216298896596178,9.91025748259486,3.75676745703883e-23,7.11437837176729e-22
"b0599",1077.80268381642,1.64550569002988,0.260791310131454,6.30966457126368,2.79640869936696e-10,1.67784521962017e-09
"b0600",1089.30889740517,3.98986243392069,0.39521683827661,10.0953756204289,5.79089469286232e-24,1.18100842726548e-22
"b0603",38.7475433741411,-2.26876245142574,0.739930826972331,-3.0661818223051,0.00216811427007574,0.00477030121040524
"b0605",38136.1477734606,2.55782535022167,0.186069444441141,13.7466167962402,5.33673807983039e-43,2.4342411757678e-41
"b0606",7301.46942565616,1.95397106140427,0.173460149602477,11.2646683741611,1.96088772665763e-29,5.54539049098778e-28
"b0607",4762.09026659006,1.760914142621,0.239552105949741,7.35086062232508,1.96934691480548e-13,1.66413737302885e-12
"b0611",1208.45918836872,1.42635602160419,0.198547660357374,7.18394776869612,6.77267470362835e-13,5.41048702312457e-12
"b0619",314.320222140285,-0.789407944716573,0.278722327255075,-2.83223792112693,0.00462234408414533,0.00953695700629596
"b0620",161.431448001125,-1.83557417755018,0.337888750134834,-5.43248088851048,5.55759075004526e-08,2.49210359003087e-07
"b0621",1193.17385769417,-0.968086269433146,0.33001130399564,-2.93349427038395,0.00335169840513307,0.00709122425664562
"b0622",775.880386860154,2.2983802073519,0.253757109120668,9.05740223521765,1.33594196624083e-19,1.99544571154705e-18
"b0623",32285.0100086403,1.54188189964912,0.206007050878776,7.48460741062905,7.17613238355746e-14,6.49030100312236e-13
"b0627",1632.42023597024,1.17776525510377,0.193340659803531,6.09165840387942,1.11746936071067e-09,6.14825554881279e-09
"b0629",140.684663549429,-1.38450627546284,0.432467059539694,-3.2014144081551,0.00136754696984693,0.00313574824113009
"b0631",3005.2890687781,3.10585547025973,0.173906903646291,17.8592994593057,2.44691065213419e-71,2.53165731374469e-69
"b0634",1034.80914209752,-0.764510037968226,0.189087522720833,-4.04315433915194,5.27368810632179e-05,0.000156440454174944
"b0635",1603.43441890856,-1.48816486202294,0.227777804279422,-6.53340595116708,6.42905718470166e-11,4.13840069461373e-10
"b0636",641.122011911856,-1.07310983469018,0.257915850389631,-4.16069750296094,3.17277100360776e-05,9.82205910510282e-05
"b0637",856.967326128448,-0.518196934329384,0.220256776314057,-2.35269462761275,0.0186379332114358,0.0334300687877001
"b0638",192.832054785446,-0.795255494075505,0.33662028658252,-2.36247049204669,0.0181535865714365,0.0326857021375355
"b0641",1823.40638028915,0.504483422051597,0.195127754050795,2.58540064946512,0.00972658999029813,0.0186276274216003
"b0642",10982.0948493665,0.639251120241116,0.166861883732678,3.83101943919819,0.000127613421606999,0.000355440666091196
"b0643",7234.89313731564,1.18836637446739,0.177474185481702,6.69599565278699,2.14208090844154e-11,1.45387315417744e-10
"b0644",493.610912946533,0.559093403992978,0.232636372023563,2.40329317006521,0.0162481554712107,0.029568715362023
"b0646",33.9330467630245,-3.11045549252045,0.772789100790111,-4.02497329393009,5.69817817291428e-05,0.000168229002860439
"b0650",153.037947418907,-1.51506168526969,0.328156036248826,-4.61689415373389,3.89525816052199e-06,1.38273515622881e-05
"b0651",1722.69385669917,0.694316905108937,0.272001170333685,2.55262469737599,0.0106914630738759,0.0202650519925744
"b0653",472.923919069324,0.673915918693667,0.295149123115985,2.28330652511828,0.0224123189332551,0.0394166902632123
"b0655",4506.42413634083,1.32443008901273,0.230642351197235,5.74235426467771,9.33692265709242e-09,4.6432855699163e-08
"b0656",105.452955476349,0.980699569755378,0.437990804728664,2.23908712047716,0.0251502481222329,0.04358779925297
"b0658",6352.4353671462,1.51818657561548,0.171427255620206,8.85615633361706,8.2820706698353e-19,1.14438253359744e-17
"b0659",2167.89932821291,1.87529599871765,0.193052596924939,9.71391231502979,2.63042323070038e-22,4.68834258177774e-21
"b0660",4361.78322000382,1.75991921566653,0.172071339993895,10.2278462859008,1.48791522968691e-24,3.25347237336695e-23
"b0661",3415.53445683858,-0.553289739156246,0.183881515003262,-3.0089470338899,0.00262154814618578,0.00566799553319066
"b0662",2298.7719830208,2.11010936088613,0.177113323608214,11.9138939854905,1.00186792690778e-32,3.48354405405147e-31
"b0676",2067.35150709574,0.630331849667845,0.173773041405395,3.62732817800746,0.000286369218777439,0.00074787899290301
"b0681",344.224112090268,-3.15952519525098,0.324009570686795,-9.75133292684476,1.82061871391952e-22,3.3004549506182e-21
"b0685",389.771815364478,-2.14581811106298,0.308527835180795,-6.95502274472431,3.52505160162811e-12,2.59155440105831e-11
"b0686",561.241114953352,0.790098394383624,0.217194266092217,3.63774978317412,0.000275030418889135,0.00072195484958398
"b0689",86.3378847783562,-3.02119997791799,0.450794825740977,-6.70194022957562,2.05670167742648e-11,1.40040586125893e-10
"b0694",298.386238709848,1.56877723180132,0.25074674911824,6.25642101968615,3.93912447782824e-10,2.3175819743339e-09
"b0695",1684.4273871783,0.934424219343226,0.18240670014745,5.12275162364033,3.01108873242469e-07,1.24858635414912e-06
"b0699",5396.49307827652,3.33397657653033,0.310765670324126,10.7282653616566,7.49906328262996e-27,1.91632689427207e-25
"b0707",712.014242929005,0.732628474870092,0.265601435610343,2.7583754326724,0.00580894399748342,0.0116618743196047
"b0708",1721.76133188519,0.772024506489449,0.254920542723706,3.02849075339606,0.00245778598559229,0.00534115171664062
"b0710",1726.84409471923,2.0997283606684,0.210594385243626,9.97048595687548,2.05222241380034e-23,4.03033679599123e-22
"b0711",1960.51038989715,2.54220346579879,0.225156452922047,11.2908310324064,1.45652965202502e-29,4.17472890803386e-28
"b0712",2704.43134254548,2.30091331307761,0.216970452216802,10.6047311491912,2.83277540613398e-26,6.78905834622619e-25
"b0713",1320.16625865041,1.87553507874233,0.199830966413876,9.38560780844071,6.2554594092982e-21,1.01669190859168e-19
"b0718",101.597058408103,-1.73343510111835,0.422109373794641,-4.10660176895686,4.01522599190613e-05,0.000121661347554756
"b0719",29.3670327245981,-2.13343741809122,0.743698403338112,-2.86868629610502,0.00412180382806699,0.00859198616150377
"b0721",1452.96248282663,-2.23838023173998,0.316794051628404,-7.06572683493936,1.59777451394845e-12,1.23008339168227e-11
"b0722",570.519331258554,-1.33413878861146,0.335448744783463,-3.97717627315214,6.97384688531629e-05,0.000202901635716816
"b0727",24432.1830995843,0.742377960901037,0.230296786211403,3.22357065035014,0.0012660306375327,0.00293309774135102
"b0728",22278.6022350998,0.891117653293355,0.24615140564652,3.6202013592115,0.000294373839895343,0.000767035521398063
"b0729",16712.9493437712,0.969523064663299,0.231456987618702,4.18878286906798,2.80454576089155e-05,8.76059139742412e-05
"b0730",360.588828620002,1.2568334713667,0.249082974268842,5.04584255530114,4.51527122115256e-07,1.82939642026067e-06
"b0731",49.179046636666,-1.38781895168465,0.509277975605251,-2.72507160757403,0.00642875425767805,0.0127791825497049
"b0733",41724.6952342186,1.86800735972601,0.21069521980434,8.86592188214197,7.58736579316912e-19,1.05181717956286e-17
"b0734",21277.369125113,1.89266209235041,0.21686819606486,8.72724598024675,2.60949112610011e-18,3.44843032925753e-17
"b0735",1549.23108568882,1.48635138737205,0.227597519487468,6.53061329806754,6.55009165915489e-11,4.20992254820228e-10
"b0736",815.103789054111,-1.47546097643391,0.199239723501336,-7.40545585240194,1.30700715959874e-13,1.13846496324802e-12
"b0737",1379.23114349161,-1.41170075712844,0.207056762168386,-6.81794085034711,9.23546498718778e-12,6.4755111530001e-11
"b0738",654.921269560151,-0.767696638805371,0.22337719201905,-3.43677271554161,0.000588689374778733,0.00145865673353469
"b0739",3857.82105288978,-0.816201379072643,0.180082432098814,-4.53237647648373,5.83237824439278e-06,2.03964950640677e-05
"b0741",9813.4010517768,0.613299193164199,0.168774209819102,3.63384425749381,0.000279229451201881,0.000731391708515632
"b0750",808.930872671831,-1.2430361894972,0.300026012849944,-4.14309471931989,3.42650339645796e-05,0.000105175306857993
"b0752",651.91764436759,0.737689926377467,0.26459147334553,2.78803363180989,0.00530290383068921,0.010737431050016
"b0753",5322.95314699266,2.19320093490278,0.168910639028128,12.9843859896686,1.50036579730445e-38,6.06147782110996e-37
"b0754",8356.27327328091,2.26308038255683,0.19411758791083,11.6582964321419,2.08165610943459e-31,6.79260401247811e-30
"b0755",11788.6041040576,1.55462398414558,0.186216813755887,8.34846195029169,6.91576172143464e-17,8.12649895355283e-16
"b0761",637.406084786162,0.685543841871303,0.236163827316561,2.90283168959817,0.0036980532366767,0.00778904758191785
"b0762",304.416163087129,0.862483652799072,0.303404048459201,2.84268999434611,0.00447345590933244,0.00925678047189668
"b0763",559.054587802079,-0.808697550644918,0.2582932627241,-3.13092777610983,0.00174255009527493,0.00390279699269073
"b0765",644.001833060102,-0.613493783929702,0.226911908543204,-2.70366499435129,0.00685793913277794,0.0136131856814432
"b0766",311.254531318201,-0.996565257999313,0.255892104494421,-3.89447443080856,9.84118714185745e-05,0.000279239570941534
"b0767",3431.00149206742,1.15032275938504,0.205048983870257,5.60999005053783,2.0233824758522e-08,9.69851803679665e-08
"b0768",55.839523639928,-1.05866416390435,0.476215209599507,-2.22307927710809,0.026210454738207,0.0451053748476569
"b0770",33.1924234800952,-1.72281781005861,0.729472772172616,-2.36173010944257,0.0181898792824196,0.0327371522766329
"b0771",220.971970020903,-1.17575977426308,0.32728963539979,-3.59241371278645,0.000327629156750179,0.000847957829734143
"b0772",1314.79147282216,-0.551004055279285,0.19800967763143,-2.7827127535903,0.0053906508905636,0.0108891147989385
"b0773",1491.71929863807,0.986749525139397,0.183356821243905,5.38158067120287,7.38346010573854e-08,3.26937763763496e-07
"b0778",120.402766758876,-2.31175950906358,0.444194211667535,-5.20438909004483,1.9463582488129e-07,8.23175642219774e-07
"b0781",2014.69693190036,-0.886498400796529,0.203319725643864,-4.3601199932235,1.29991142138507e-05,4.34533037786876e-05
"b0786",3814.73260125226,2.03071318407779,0.183603569565713,11.0603142895378,1.95411589396275e-28,5.41788210600652e-27
"b0788",269.276066750424,0.629854360429153,0.283579054589182,2.22108914687517,0.026344923986253,0.0453000273813073
"b0789",738.379104402092,1.16375783118849,0.259260205223386,4.48876382777587,7.16376641614412e-06,2.47868655279636e-05
"b0790",647.35778784585,0.878549569293033,0.224947608219405,3.90557417457015,9.40019180484856e-05,0.00026762156802797
"b0791",2658.05488504262,1.53995311291822,0.191185821019367,8.05474540270547,7.96444123071976e-16,8.36266329225574e-15
"b0794",832.764433470091,0.85561543629805,0.200451961493736,4.26843134844948,1.96852391311478e-05,6.38415782831262e-05
"b0796",206.902108213756,-0.829085063538467,0.289131644168227,-2.86750025554476,0.00413728470211547,0.00862002048446651
"b0797",1548.12328061381,-1.96081752698916,0.307541482186998,-6.37578226210439,1.8203139286993e-10,1.11829986599004e-09
"b0801",1433.73409311318,1.23242980079463,0.223255744532448,5.52026019924208,3.38498047237852e-08,1.57101610107546e-07
"b0803",381.062013986159,1.56761483546323,0.252945842982194,6.19743268749263,5.7391569795849e-10,3.30781303089662e-09
"b0804",126.334937027665,0.846200132611193,0.356203810734751,2.37560662494237,0.01752012970362,0.0315853762017662
"b0806",748.775293015537,3.23095720697741,0.249533164163691,12.9480072029942,2.41132570994177e-38,9.64985251091791e-37
"b0807",579.14038334696,-0.749660863315068,0.230858289572679,-3.24727721366514,0.00116514843227018,0.00272467455881484
"b0808",896.755606310556,1.16717953308557,0.198504457155173,5.87986562021214,4.10599686022799e-09,2.12151506468784e-08
"b0809",1499.41325490793,0.672115707204713,0.260430187881688,2.58079031725021,0.00985744340569855,0.0188526938354253
"b0810",980.319578144276,0.887100143162668,0.279118688558421,3.17821836919742,0.00148183099946134,0.0033686640405761
"b0811",4500.93399860539,1.26266515931976,0.271201187320454,4.6558245994247,3.22686568456266e-06,1.1629876154558e-05
"b0812",78196.7631313514,2.86271903973725,0.160828540530289,17.7998197975198,7.08966293486239e-71,6.53790221080136e-69
"b4736",693.644480801841,-1.40249680938852,0.245560697022088,-5.71140588211625,1.12046658379455e-08,5.53964947372549e-08
"b0814",26153.8654816437,1.09512334855939,0.184173689718058,5.94614437184735,2.7453203509384e-09,1.44666446319015e-08
"b0815",784.49418205596,-1.76559951683445,0.227114626070249,-7.77404585246013,7.60182019521955e-15,7.41308534899341e-14
"b4705",1073.56746803829,2.0338746206113,0.254761934311344,7.98343216426402,1.4231954072998e-15,1.47608677695984e-14
"b0817",539.486132921714,0.599421330770828,0.228471152688146,2.62361932225647,0.00870009645180728,0.0168596661254301
"b0820",2539.60243429363,-0.707004234712002,0.220318198320447,-3.20901423532741,0.00133190897550516,0.00306563096803737
"b0821",705.52226682155,-1.40885179331176,0.235625594585042,-5.97919676677263,2.24240562939842e-09,1.18903558498851e-08
"b0822",292.055714908939,-0.718440157608474,0.308334680173101,-2.33006600880945,0.019802662624913,0.035295333972639
"b0823",370.271382526789,0.694499542395291,0.233057500581791,2.97994932864887,0.002882960683791,0.00617256192577803
"b0825",237.42784559693,1.0412384326319,0.276122419766472,3.77093042105207,0.000162640019761186,0.000444067473529299
"b0826",869.666143152673,0.752604346808194,0.20947929887743,3.5927385228101,0.000327220897305385,0.000847418221226766
"b0827",1857.96199501018,1.03790780838935,0.20435472670864,5.07895180652784,3.79522960450021e-07,1.55213829614072e-06
"b0828",1856.22796383929,2.23586438741811,0.227125110675172,9.84419723900888,7.26166037629129e-23,1.34515123651649e-21
"b0829",2225.98628259899,2.38492269639495,0.198113654867793,12.0381540484248,2.23909964952647e-33,7.91521726107606e-32
"b0830",1738.28184305755,2.52002774277506,0.196771846599239,12.8068511137549,1.50103122977523e-37,5.89571710806158e-36
"b0831",486.788840075483,2.28102375535203,0.264547963103858,8.62234480503837,6.55968330644879e-18,8.40669987491111e-17
"b0832",230.779760877008,1.41171137919963,0.358682310937173,3.93582659683182,8.29108246165977e-05,0.000238769666003807
"b0834",47.5179969502337,-1.63586985239532,0.532214278651404,-3.07370530632982,0.0021141816019025,0.00465888745728332
"b0835",680.25159242926,-0.717196518618244,0.203997038470481,-3.51572024768401,0.000438562830617702,0.00111001403787607
"b0836",15661.4909362129,4.56700933225253,0.209579727813665,21.7912742797004,2.80729533568125e-105,6.26765621787361e-103
"b0837",1098.79266382799,0.734698864951595,0.245041908543471,2.9982580094917,0.00271527694727312,0.0058527463467137
"b0838",1035.39932025376,0.922721009517221,0.215328498118642,4.28517830932354,1.82592681022265e-05,5.96272635024211e-05
"b0839",2729.50785606233,0.976409615470881,0.198153463594023,4.92754251054298,8.32703101598007e-07,3.27674077641813e-06
"b0841",408.598969110824,-1.91434593544986,0.260812521734006,-7.33993108429908,2.13703864018459e-13,1.79867418882203e-12
"b0843",590.590949167328,0.808379969194586,0.263990806542809,3.06215197332449,0.00219751851695192,0.00482249019602176
"b0844",2858.40089121168,1.30988562962496,0.238196491944718,5.49918102878261,3.81559252675303e-08,1.76507562687965e-07
"b0845",4474.25761550574,1.70164341901525,0.277547375051406,6.1310016666527,8.73274905467393e-10,4.88711365302464e-09
"b0846",1927.16286686199,1.43844540235058,0.235122000034694,6.11786817966129,9.48354628327359e-10,5.25185422110268e-09
"b0848",144.168372243891,-0.957363411366239,0.340230430148404,-2.81386768064412,0.00489493722444962,0.010011727920017
"b0852",1074.72868075259,-0.600128993717118,0.200137731939127,-2.99857996741789,0.00271240964578424,0.00585251358973384
"b0853",804.274246729812,-0.9483262109896,0.213355041464156,-4.44482682237871,8.79626942723371e-06,3.02135829233404e-05
"b0854",549.99412815795,0.789611657365339,0.245258081336938,3.21951331047299,0.00128408399270278,0.00296682151255185
"b0855",295.980661692411,1.58392601938188,0.255685854999703,6.19481284713118,5.83543258634582e-10,3.34512230152419e-09
"b0856",117.146476223766,1.5383700074659,0.364595566205542,4.21938759013498,2.44966824029856e-05,7.7606368001094e-05
"b0857",247.893706108621,1.32154816445173,0.310030894396386,4.26263378372247,2.02031469159618e-05,6.51295514740623e-05
"b0859",441.743572493799,-1.41345066853337,0.235547363663437,-6.0007068071158,1.96460452280685e-09,1.04960357503107e-08
"b0861",2767.80236526896,1.9741212331498,0.211235462198912,9.34559572810197,9.1373623367145e-21,1.47379053354916e-19
"b0862",2512.03815242376,2.29097224983123,0.189836708915257,12.0681203489148,1.55648929432455e-33,5.64327144147415e-32
"b0863",4749.94610995899,2.04134714562538,0.197938190501212,10.313053486325,6.15151698537724e-25,1.40294274472958e-23
"b0864",1875.39488063219,1.3256103822683,0.208029545938809,6.37222167786793,1.86309323963264e-10,1.14043889213877e-09
"b0865",1635.19838272438,1.12940904401535,0.19637300000698,5.75134587736198,8.85357715733457e-09,4.42606094740953e-08
"b0866",1437.80035506487,1.69699667152103,0.184932058297276,9.17632500901022,4.4605456387866e-20,6.93100168488379e-19
"b0867",2085.71966201119,1.51160258019182,0.175244225175068,8.62569125277442,6.37066753042505e-18,8.21409473071825e-17
"b0868",1137.24572701585,-0.478313060126406,0.186400689069271,-2.56604770355034,0.0102864680367437,0.0195884200680244
"b0869",1161.26567294501,1.05730578110552,0.195161478437949,5.41759464812464,6.04061739438305e-08,2.69729463020767e-07
"b0870",2408.2898498894,1.06662473701495,0.186997215729103,5.70396052612962,1.17055195766894e-08,5.76710964510062e-08
"b0871",8323.19345752439,0.666435261500944,0.16207714448597,4.11183985018093,3.92518548057238e-05,0.000119188524041432
"b0872",1169.9825358629,4.09570551466434,1.72844596292677,2.36958840629828,0.0178078971672496,0.032090526670974
"b0874",188.346053802216,-1.48231660441867,0.317039410642316,-4.67549634102437,2.93243506013064e-06,1.0686760760373e-05
"b0875",431.628266461869,-0.990161498715777,0.243903166618274,-4.0596500342509,4.91463206937719e-05,0.000146506459861546
"b0876",1303.46373385157,0.735548078858877,0.212009882367472,3.46940468361738,0.000521613115743379,0.00130311121141544
"b0877",879.167965257157,-0.866904409354603,0.27443132524191,-3.15891201046539,0.0015835929372524,0.00357699746529536
"b0878",727.761728131621,1.16011366590316,0.224784122560925,5.16101249806343,2.45617779917917e-07,1.02651292848454e-06
"b0879",1456.47773411677,1.60867690251562,0.202887957180476,7.92889299528333,2.21107956317313e-15,2.26009626674227e-14
"b0880",27147.5428224708,2.52221746906168,0.233296714515135,10.8112001247152,3.04657961210506e-27,8.02707497798116e-26
"b4770",127.838253231728,1.3565369215835,0.365590076767507,3.71054087019483,0.000206816902381234,0.00055421181295085
"b0881",417.94500464589,1.71627026593806,0.234381143712613,7.32256118709987,2.43282326608298e-13,2.02751204218546e-12
"b0882",29911.6776948927,2.03929224993476,0.176488497901529,11.5548167398001,6.97962130633532e-31,2.19161957872679e-29
"b0884",3293.65669015341,-0.396728164275196,0.174869994374457,-2.26870347708518,0.023286364020926,0.0407679555001106
"b0885",560.770409917392,0.503848312025796,0.226736268076951,2.2221778469724,0.0262712889582412,0.0451917306410622
"b0886",2285.00664712389,1.51703534544625,0.228300081735113,6.64491810040788,3.03385723250461e-11,2.00969763223384e-10
"b0887",1822.36652447906,1.00529825619575,0.176349899907956,5.70058875406483,1.19394350486757e-08,5.86872346193308e-08
"b0888",1474.02775238183,-0.776396640214603,0.198055343599342,-3.92009943334436,8.85124414472672e-05,0.000253524494678803
"b0889",2495.03841791373,0.764766227983488,0.21072144916853,3.62927566700553,0.000284217602583713,0.000742853401207709
"b0893",17120.6151794699,1.98014403530032,0.184891489567213,10.7097630071312,9.15959923424402e-27,2.32664790129719e-25
"b0894",2882.30931393576,1.32000016654668,0.30255259140848,4.36287840207105,1.28362297233192e-05,4.3010494854913e-05
"b0895",477.977762471479,1.22560288631518,0.326144736455769,3.75784965789687,0.000171379793730904,0.000466320131498712
"b0896",813.552235570326,1.21303645035209,0.267183342293058,4.5400901116866,5.62301912338898e-06,1.97130967945587e-05
"b0897",17251.0346416679,3.24322503677194,0.205942031113847,15.7482424507072,7.06167772029593e-56,4.53873286204475e-54
"b0898",1441.19475396743,-1.56211027509505,0.226241091265637,-6.90462668101672,5.03356216323295e-12,3.63135556061806e-11
"b0899",409.309468682177,-1.58046859434795,0.314159367657723,-5.03078614567964,4.88472759126566e-07,1.96780763933038e-06
"b0900",57.9970772771011,-1.61735066997191,0.48068465161935,-3.36468132386444,0.000766321126236369,0.00185227020939868
"b0902",3126.81966777459,1.88851987723272,0.183630119823565,10.2843688118662,8.28833379126928e-25,1.8701655288598e-23
"b0903",61111.0154012393,2.29158486046074,0.216048160274137,10.6068242263809,2.77004686431112e-26,6.67644249909533e-25
"b0904",3755.06641278917,1.63145004400081,0.190783130334516,8.55133282036129,1.21675215607733e-17,1.50919960411697e-16
"b0905",1673.35102598514,-0.798219617458215,0.183229055708663,-4.35640305174849,1.32217214533141e-05,4.40931937145899e-05
"b0906",554.882131414715,0.913130233430255,0.243620467760034,3.74816714632404,0.000178131534302973,0.000483141923601799
"b0907",3102.71382571201,1.55772451176947,0.179243254625234,8.69056141067282,3.60652799868913e-18,4.70735131398132e-17
"b0908",698.897116202751,0.695926851628154,0.222011699492269,3.13464044111058,0.00172064869003745,0.00385781804605648
"b0910",4360.19660931616,-0.919289923971423,0.206725769283535,-4.44690532369272,8.71162094948799e-06,2.99531768213092e-05
"b0912",4822.67286750704,0.705528604032685,0.175296855878871,4.02476473691121,5.70323028323335e-05,0.000168241327270347
"b0913",694.104743544332,0.736580783240283,0.255908293274356,2.87829977612568,0.00399824998477128,0.00836732927252085
"b0917",401.67704277282,1.67321665875869,0.272333734993137,6.14399335727121,8.04722090880781e-10,4.51538506549772e-09
"b0918",2161.3179102826,1.70179758004162,0.209002539231303,8.14247322688385,3.87284158167876e-16,4.19096785445951e-15
"b0919",3201.64948874064,2.06519817982669,0.253709658948079,8.14000613295265,3.95257875076515e-16,4.26637126227627e-15
"b0920",527.604195849714,1.12859537071967,0.235851203513338,4.78520081266342,1.70816460952962e-06,6.45814106383659e-06
"b0923",741.608801027845,0.554458951468456,0.212701794124847,2.60674318122118,0.00914078905103533,0.0176251032520418
"b0924",10099.6519092011,0.888296860117434,0.186857143716278,4.75388225705845,1.99547276896174e-06,7.46454628389391e-06
"b0925",4137.62415063234,1.38958676949831,0.192317564889002,7.22548026385588,4.99333989802988e-13,4.03461863760814e-12
"b0926",3173.63066395051,1.33430868400103,0.203513220892953,6.55637347857054,5.51320527855817e-11,3.58147270928695e-10
"b0927",3378.0724318473,1.09889122939329,0.199964457238331,5.49543276125095,3.89753428170495e-08,1.8010174752715e-07
"b0929",19704.2405715166,-2.32446754445819,0.278130894295846,-8.35745899549608,6.4083569496834e-17,7.55118060571027e-16
"b0930",9256.79660518199,0.819242393284644,0.162766103342515,5.03324940795985,4.82235065501807e-07,1.9445258059493e-06
"b0932",6063.624908187,1.04393233730418,0.204206440184614,5.11214208699982,3.18526094746864e-07,1.31310757426258e-06
"b0940",77.9199658030803,-1.27562688303201,0.414898231520682,-3.07455367634755,0.00210817781921624,0.00464807188623456
"b0945",466.675674972619,-2.22711660185624,0.289757212004811,-7.68614726255464,1.51631964561469e-14,1.45197018887077e-13
"b0946",597.483764946668,-1.01468903139455,0.234336822002695,-4.33004520042044,1.4907873853616e-05,4.92517140864791e-05
"b0948",2377.36073991965,-0.982038475299984,0.189901178625796,-5.17131321883531,2.32454550322343e-07,9.75343424794638e-07
"b0951",1508.60060560865,0.734497953169566,0.18315832038416,4.01018065479643,6.06723088479119e-05,0.000178112065143835
"b0952",592.644773811797,0.937965704257291,0.221685195998541,4.23107055043704,2.32581702105071e-05,7.40699384631915e-05
"b0953",144424.380166272,6.01107117141253,0.169067338708826,35.5543017197722,7.12951599831943e-277,1.51217034324355e-273
"b0954",4281.95589428611,0.661630159417167,0.167880469027564,3.94107881190477,8.11159670660295e-05,0.000233759464873707
"b0955",4640.72466722317,0.74715610436659,0.165634840209144,4.51086319413942,6.45643524490698e-06,2.25046822587472e-05
"b0956",527.485074801315,0.886627540117283,0.243092340241623,3.64728703189913,0.000265023814675584,0.000697846692646695
"b0957",131631.912105159,1.15111763556339,0.16346918163907,7.04180215513029,1.89769159472071e-12,1.44784311956929e-11
"b0958",7006.80924838409,-2.96859580241807,0.166675567440831,-17.8106236444757,5.8454869222987e-71,5.51034567208691e-69
"b0962",2793.02951109902,2.04748072683059,0.185459754711178,11.0400271477723,2.44959142846445e-28,6.74751093477025e-27
"b0963",1717.21832172372,0.780095079982579,0.255466803441384,3.0536064548268,0.00226108483147771,0.00495174076155314
"b0965",2451.74476264296,1.5320858761552,0.203299004838426,7.53612088447183,4.84157795825046e-14,4.45509190865476e-13
"b0966",5120.76182669561,2.410893196195,0.173380197858743,13.9052396177285,5.88693808905011e-44,2.80588667120793e-42
"b0967",1063.80101888067,-0.478809499905319,0.189556727946628,-2.52594305194028,0.0115388183944044,0.0217351987695664
"b0968",253.279339564735,1.55575530165882,0.328237105325672,4.73973014146351,2.14003042957666e-06,7.95618675045066e-06
"b0970",6434.30665792851,0.974587875326395,0.186512579381784,5.22531980715066,1.73854356551934e-07,7.36753427066237e-07
"b0972",856.283038187213,4.07268569312311,0.274220441120722,14.8518676305759,6.76571765940304e-50,3.67950952707535e-48
"b0973",805.848848036618,4.49048095365801,0.241309852813539,18.6087758179017,2.72778950228134e-77,3.04507449175722e-75
"b0974",403.229153436445,4.34292064855608,0.27745243410883,15.6528475322461,3.17680942735882e-55,1.98176846924354e-53
"b0975",436.557418852276,3.83618861370203,0.261542798241483,14.667536783636,1.04054373482677e-48,5.38291039406729e-47
"b0976",169.583870846576,3.65450916257172,0.345792199999524,10.5685124261818,4.17057347594487e-26,9.93908577806637e-25
"b0977",311.692472480192,3.33013246526809,0.287719732490574,11.5742234168009,5.5673091417921e-31,1.76242726712553e-29
"b0978",1407.38420198086,3.94369766953731,0.240754950831715,16.3805465096911,2.63366140471893e-60,1.89355791166402e-58
"b0979",1812.29110060004,4.40274588003425,0.235969345943267,18.6581263868604,1.08468183864031e-77,1.24357307013843e-75
"b4592",47.0746320007441,4.16304214817475,0.644547139411463,6.4588637411005,1.05492041802462e-10,6.61000356463876e-10
"b0980",1422.94733600562,4.01885235951622,0.2298868493374,17.4818714993907,1.96928246003072e-68,1.70483595825517e-66
"b0981",727.842479339951,0.978977185550389,0.205466074824837,4.76466582809343,1.89166890716408e-06,7.09501282421755e-06
"b0984",161.884278935598,-1.75248319157885,0.348024389412632,-5.03551832828887,4.76557525424924e-07,1.92529240271669e-06
"b0985",33.3764610059362,-5.78695166235264,1.17636501493498,-4.91935036224494,8.68319207772014e-07,3.39797977801558e-06
"b0986",40.6978918518017,-3.05726561565436,0.791859891966951,-3.86086686125777,0.000112985459767085,0.000317827798628631
"b0987",88.582275466782,-2.43568201438145,0.452695558263321,-5.38039742144914,7.43215791990526e-08,3.28339912529505e-07
"b4516",16.8343803582277,-3.05514478581794,0.981065626590193,-3.11410847859021,0.00184501642169539,0.0041084302681532
"b0988",363.668513179936,-1.31942715115132,0.240900581773092,-5.47706087482225,4.32448478808342e-08,1.98318534822161e-07
"b0989",95.9457971928232,-4.26640263225225,0.527329804391443,-8.09057746541716,5.93825184948103e-16,6.31329933471141e-15
"b0990",3677.10300202669,-3.57322270466058,0.263846851936956,-13.5427907455738,8.74041483701723e-42,3.86217080610699e-40
"b4723",67.8455549436561,-2.398671138454,0.501525426434071,-4.78275080788815,1.72912432692283e-06,6.53156312983672e-06
"b0991",12.4215244064456,-4.31564022084798,1.35740085117823,-3.1793410303979,0.00147610311560305,0.00335924324913526
"b4517",16.9074914790893,-3.08395764024944,0.963978308204677,-3.19919817074829,0.00137810404790321,0.00315824817461124
"b0993",409.21081425919,-0.701804952120031,0.268920035240336,-2.60971612432232,0.00906173850209627,0.0174885781282495
"b0994",170.505766734104,1.31808378849366,0.349605253609916,3.77020589617444,0.00016311292176876,0.000444967854754392
"b0995",178.678969431437,0.797778841254105,0.297015029023955,2.68598812617581,0.00723156586656655,0.0142879843530393
"b0998",753.482477620973,2.35675704707109,0.246567832178259,9.55825026424063,1.19764324985092e-21,2.03216106634705e-20
"b0999",4314.53843485816,3.5842384535516,0.180730129933919,19.8319917927471,1.57670866040105e-87,2.4771844953412e-85
"b1000",12187.5612565833,3.58027192732752,0.168860822887384,21.2025019546141,9.0552251756432e-100,1.74601205432175e-97
"b1002",10829.4302628392,2.13936105493745,0.222713615581623,9.60588354398743,7.55075236920065e-22,1.29154401411892e-20
"b1003",4308.1253707225,1.7715421153165,0.188734424785964,9.38642813745045,6.20694884667243e-21,1.01268757721479e-19
"b1004",9778.2123256124,1.78157429367137,0.176776857055832,10.0780968919969,6.90505440694644e-24,1.4014947748453e-22
"b4518",4703.94297432249,4.31721338897884,0.175286943572058,24.6294065091282,6.11775821344212e-134,1.73010202276143e-131
"b1006",172.419980062983,1.33169487378375,0.313319646719087,4.25027567766188,2.13507570326342e-05,6.85097665147008e-05
"b1012",20.6133448667356,-1.76043698637425,0.78513541856481,-2.24220808888261,0.0249479266146305,0.0432661916186682
"b1014",16547.7743049255,-2.02295072489101,0.313259638043102,-6.45774456463065,1.06274921266171e-10,6.64923622435245e-10
"b1015",3979.0741700852,-2.07646044431707,0.28645037732251,-7.24893597182878,4.20058387612998e-13,3.42012990451888e-12
"b1018",430.685581180665,-0.893826596703988,0.24203759838997,-3.69292458134483,0.000221689784509925,0.000591581532971956
"b1019",403.56188788972,-1.3096214626164,0.241233162670963,-5.42886163791126,5.67146294756169e-08,2.5378001923583e-07
"b1020",1569.10083124207,0.711031913191116,0.313011106142083,2.27158685183637,0.0231114757657602,0.0404952004123729
"b1021",80.9767209144283,-3.07575724467322,0.474942865083895,-6.47605737614336,9.41502584446178e-11,5.93440410582569e-10
"b1022",191.727659176804,-3.89678309019506,0.389760116741694,-9.99790107507992,1.55661271897916e-23,3.10007096427681e-22
"b1023",272.140251535132,-3.718914826966,0.367267115524474,-10.1259129112478,4.24003362135166e-24,8.90407060483849e-23
"b1024",853.933965454423,-4.06141277814478,0.305760748463805,-13.2829763092549,2.90609347476768e-40,1.24521702221864e-38
"b1025",182.172407280409,-2.51265334476581,0.330725594574745,-7.59739610717654,3.02148613904039e-14,2.82315951581703e-13
"b1026",6.76758071092931,-5.94940666713865,1.98660914524651,-2.99475449480044,0.00274665817307532,0.00591437764984035
"b1029",30.2782807197463,-1.84692163412691,0.673529106515979,-2.74215563404622,0.00610374137315274,0.0122017299269151
"b1033",792.416560944352,0.883448030274035,0.214085955609054,4.12660432470085,3.6815902968517e-05,0.000112273947082997
"b1034",1044.86333773532,0.928299335149786,0.199709178008233,4.64825575072727,3.34753701211533e-06,1.2023922104482e-05
"b1036",710.094847176987,-0.658785844540137,0.209018303357475,-3.15180935811848,0.00162262176368997,0.0036612561284962
"b1040",292.756777950056,1.61504197317484,0.328897089929848,4.91047814840601,9.08545806508565e-07,3.54232657280269e-06
"b1042",64.422728617879,1.52616698590935,0.447344180480615,3.41161694395951,0.000645787936790684,0.00158657922108762
"b1043",14.2533289581911,-2.88499043324081,1.20033054399013,-2.40349664322509,0.0162391161035706,0.0295649487173162
"b1045",947.190328104106,1.95854541110879,0.21860542812259,8.95927163350435,3.26830100261905e-19,4.68382866659122e-18
"b1046",1213.62084117372,1.42863895008906,0.201691196548675,7.08329850055842,1.40763014001462e-12,1.09162103362742e-11
"b1047",337.679814004169,-1.56698815584316,0.302874838901866,-5.1737151937896,2.29484541016787e-07,9.64790310201396e-07
"b1048",5212.17085267803,1.23512509983446,0.164828986756974,7.49337312650924,6.7125719000339e-14,6.110457081533e-13
"b1049",8451.62051504138,1.1455056209937,0.174625801527659,6.55977301734687,5.3889743321587e-11,3.50613943512534e-10
"b1050",1556.30645431865,2.09238438467939,0.196165617851652,10.6664175281813,1.46153191478282e-26,3.64695198971101e-25
"b1051",2484.09518400713,1.67319677119422,0.205323524215195,8.14907486898859,3.66718867886665e-16,3.98877291685957e-15
"b1053",508.078872952704,0.653770920447075,0.255820934002724,2.55558022644117,0.0106010920287139,0.0201117318362274
"b1054",2227.80124668783,0.775466051694413,0.268816641916141,2.88473974738634,0.00391737354498402,0.00821428501128137
"b1056",297.359130906911,0.765360351032556,0.250994687383901,3.0493089674919,0.00229368455318557,0.00501795248819659
"b1057",65.34972856775,-1.60156926452029,0.505433283068897,-3.16870558028126,0.0015311941778981,0.00346972526850627
"b1061",1355.18291838505,-3.70449488021021,0.20774811739907,-17.8316652231997,4.01288926116381e-71,3.9779954692775e-69
"b1062",688.839236639379,-1.03346345913164,0.232365238144932,-4.44758203672032,8.68422970539192e-06,2.99013818265199e-05
"b1063",1612.0831412775,0.917241896572304,0.261448146570127,3.50831286664439,0.000450958369381168,0.00114002705775621
"b1064",4025.59239507489,3.19819572143372,0.227704653491254,14.0453682979147,8.22397273175116e-45,4.00989566989522e-43
"b1065",1229.76997743859,1.89876809908276,0.188858800245877,10.0539032155808,8.82991565626152e-24,1.78364296256483e-22
"b1066",859.295955639208,1.45711917050576,0.213626101155547,6.82088547524815,9.04810539903536e-12,6.35464620905762e-11
"b1067",805.833499565916,1.56795992703414,0.226394910506679,6.92577374431696,4.33598993958337e-12,3.13878316104312e-11
"b1068",1012.81084699451,1.62108258133891,0.224957640465755,7.20616813895542,5.75483366654788e-13,4.61474563582157e-12
"b1069",608.816778646396,-0.806016140733356,0.229239095829804,-3.51605007782693,0.000438018358059733,0.00110929783575486
"b1073",18.4423890162178,-3.21987311873038,1.06582481798025,-3.02101533423859,0.00251928601204797,0.00546081311349386
"b1074",14.8041389852586,-2.40224090385221,1.00104651196488,-2.39972955815712,0.0164071886169633,0.02980697820692
"b1076",109.004336503388,-1.47889525046772,0.491609257562002,-3.00827380225077,0.00262736308308704,0.00567767406951361
"b1077",86.6298969603637,-1.29115802224351,0.574969054973101,-2.24561306573954,0.0247288028558206,0.0429916318501602
"b1082",241.544317406562,-1.37526801097468,0.389076041355096,-3.53470238410163,0.000408234677875582,0.00104070402857465
"b1085",1715.40951237939,-0.540413494668088,0.210697908995272,-2.56487355401431,0.0103213410829025,0.0196424983731146
"b1086",1145.404911745,-1.56313836176066,0.213797938755511,-7.31128826994068,2.64593197746211e-13,2.19648599772882e-12
"b1087",965.460604937285,0.684164031362353,0.207910448742752,3.2906668976934,0.0009995019108344,0.00236870801027413
"b1088",10662.9217671637,-1.25494657214011,0.180300217341124,-6.96031646909101,3.39509195684417e-12,2.50905576322874e-11
"b1089",7862.81944355887,-0.392971333862344,0.174845108047021,-2.24753976963806,0.0246055519120345,0.0428124492251233
"b1092",4231.14322889515,0.713177810590656,0.169565788889145,4.20590624596393,2.60038023760867e-05,8.18871427271291e-05
"b1093",18167.8249187766,1.02135989186035,0.172945081919576,5.9056891385631,3.51175621716478e-09,1.83233331773838e-08
"b1094",24672.2113554676,0.795888144791582,0.162782861618137,4.88926252358563,1.01214441991093e-06,3.92819453729383e-06
"b1095",14201.805971109,-0.595316296178692,0.163908159681801,-3.63201134912622,0.000281220750618914,0.000735473751002115
"b1098",630.171663017059,0.549009350706874,0.212606759019699,2.58227609149531,0.00981510292502859,0.0187801834045879
"b1099",893.151939757401,0.47371381152404,0.196008851110708,2.4167980621267,0.0156577010037324,0.0286292964042382
"b1100",2478.46692541416,1.29346537720136,0.183374624377101,7.05367703734958,1.74250558902912e-12,1.33907766461259e-11
"b1101",5476.82753594771,0.737876388531921,0.169253093999505,4.35960354458324,1.30298289532493e-05,4.35216806454201e-05
"b1103",1182.72740610009,1.09966902386924,0.196795526212982,5.58787613230151,2.29863501123955e-08,1.09682898961509e-07
"b1104",824.32984045189,1.03384895809929,0.227972080202601,4.53498058701092,5.76087839205382e-06,2.01787105697014e-05
"b1105",1924.30645581675,1.14147538183765,0.176536360562732,6.46595057357619,1.00663979866221e-10,6.31681364781816e-10
"b1106",529.904495140131,0.788340996343269,0.247893883080623,3.18015509921588,0.00147196245671648,0.00335161821867489
"b1107",1328.13816139095,1.03661400529224,0.207195655506811,5.00306824849499,5.64249532579228e-07,2.26233130170235e-06
"b1108",2055.75886444583,1.55090272944073,0.233401854794882,6.64477465615554,3.03681325379984e-11,2.00969763223384e-10
"b1109",2565.28018037706,0.989507716184047,0.401454761333863,2.46480503281698,0.013708782262553,0.0254052662113367
"b1110",2765.65630026101,0.999297215113041,0.36357392268234,2.74853930045512,0.00598614581401137,0.0119835915729288
"b1111",1089.81741703623,1.72963688853449,0.288405109070104,5.99724773985907,2.00689774059093e-09,1.07085034158323e-08
"b1114",4162.74667611715,1.66507251688542,0.168515220918263,9.88084345029608,5.04068274201349e-23,9.46131689894745e-22
"b1118",1812.88834120044,0.586911143876347,0.191278404122847,3.06836073088213,0.00215236627364853,0.00473810987691596
"b1119",1891.36124702579,0.928048681819098,0.195544972487009,4.74596032828587,2.07519385756049e-06,7.74227998572699e-06
"b1120",1171.40486325842,0.500819407137508,0.223093955474834,2.24488111330297,0.0247757657134249,0.0430428450935183
"b1121",49.5879737602616,-2.70303883348972,0.576516695843158,-4.68856991129547,2.75120926295852e-06,1.00782639839983e-05
"b1122",22.6654616031688,-1.70181889695042,0.742284432458166,-2.29267760784722,0.0218665726330637,0.0385848590305559
"b1123",3234.72188348492,1.80434205717591,0.238556326331054,7.56358921570559,3.92096665903402e-14,3.63160274402234e-13
"b1125",317.917124691934,-0.601401249164781,0.252309322077243,-2.38358711526586,0.0171448260202754,0.0309877937699226
"b1126",1085.62091823957,-1.15182022780386,0.224468810989806,-5.13131522693444,2.87724583052896e-07,1.19542378189068e-06
"b1127",3110.60976207553,1.59626992940159,0.197881609781605,8.06679272097765,7.21689201564788e-16,7.59653993309635e-15
"b1128",5742.62335736575,1.70970708603047,0.187701171730697,9.10866496072523,8.34019053029722e-20,1.26806767847745e-18
"b1129",1452.48919375093,0.429736431055708,0.192881954078408,2.22797634495665,0.0258820924667192,0.0446853220365579
"b1130",1125.47298842562,0.774716682061914,0.19494727243091,3.97398061743323,7.0681317546524e-05,0.000205503871852196
"b1131",2193.30775644747,0.860723429276501,0.196225980202848,4.38638873602124,1.15248074781438e-05,3.88310034331106e-05
"b1134",348.800775738841,1.00701462891119,0.267050873525218,3.77087187777385,0.000162678183372119,0.000444067473529299
"b1135",420.708073138905,0.583638846668635,0.233101103661343,2.50380130124379,0.0122867014732767,0.023000965423495
"b1136",26288.8957555822,1.74450391013159,0.208207875547502,8.37866437830101,5.35316816092565e-17,6.3430556811862e-16
"b1137",129.139669726602,-1.2488318087617,0.384015209359809,-3.25203736290451,0.00114580958804639,0.00268983080934852
"b1140",217.307385750541,-1.66583018861642,0.377877861149532,-4.40838260158677,1.04145447312036e-05,3.53427989998124e-05
"b1141",30.3014364022927,-1.84654445262139,0.732968406861404,-2.51926881886814,0.0117598836275998,0.0220829687243375
"b1143",314.821476790767,-0.845854125436339,0.298119489704977,-2.83729898462327,0.00454969854521719,0.00939621286699674
"b1144",187.575571380026,-2.74289510970812,0.373886402310688,-7.3361724116109,2.19788853697373e-13,1.84622637105793e-12
"b1145",654.385185357479,0.954847294212181,0.211248923500806,4.52001022484992,6.18366447453179e-06,2.15893865851554e-05
"b1146",36.5619877041135,-2.44118812530499,0.822085370120335,-2.96950683473135,0.00298278176976519,0.00635188768440961
"b1147",143.341716734349,-1.81019822867522,0.50953785944206,-3.55262753322662,0.000381404086995758,0.000975235766748646
"b1148",28.7578671488365,-1.69041616479753,0.669786714279282,-2.52381262386861,0.0116089787787933,0.0218479538507726
"b1149",146.865658275478,-1.6959384674364,0.422481720233643,-4.01422922274246,5.96403660603845e-05,0.00017520390085052
"b1158",10.132615992876,-2.98230964335428,1.36012427789294,-2.19267436941451,0.0283308486633471,0.0483814251328174
"b1160",15.2249346571029,-4.58918774865728,1.33807767424076,-3.42968710785885,0.000604277638697753,0.00149292122501798
"b1161",21.0843257406879,-3.5020031229038,1.09487936155282,-3.19852875657191,0.00138130756101958,0.00316388049343687
"b1162",1133.69938974968,0.927802349094141,0.232717576650092,3.98681682084186,6.6965686910481e-05,0.000195504778991232
"b1164",20.8146468118406,-1.77676414397627,0.791488914281658,-2.24483768744737,0.0247785543890551,0.0430428450935183
"b1166",274.061846079973,1.56936715193383,0.268614068653299,5.84246074601334,5.14353091159504e-09,2.62561469638822e-08
"b1171",254.960357139963,-2.75020806058751,0.347172349426163,-7.92173704251879,2.34215229988995e-15,2.38831972503201e-14
"b1172",148.101234886848,-4.44058082298145,0.437385312714999,-10.1525604401695,3.22781759711007e-24,6.88060414419141e-23
"b1174",679.412807773187,0.891036328914864,0.304533042330885,2.92591018069798,0.00343450081166846,0.00725916912959521
"b1175",2973.51398605431,1.39574342021655,0.227893094707512,6.12455336572576,9.09383316706286e-10,5.05720738073065e-09
"b1176",1827.24038302853,1.5151895211116,0.209455726948779,7.23393694306636,4.69189689767808e-13,3.80555002675916e-12
"b1178",155.199402181395,3.10483263465656,0.420012660571289,7.39223582078086,1.4438016254981e-13,1.24737403164214e-12
"b1179",350.80248874971,0.958779406658328,0.24145072144128,3.970911335179,7.15982237955462e-05,0.000207884781205138
"b1180",674.627436112154,1.32030729110287,0.207391538198631,6.36625439287856,1.93700069848249e-10,1.18056852916131e-09
"b1181",398.249839946133,0.999861424098428,0.236625882166936,4.22549475544287,2.38416377851965e-05,7.57574737713883e-05
"b1183",257.703356529811,-3.05614958184109,0.299322069205145,-10.2102380554723,1.78426536927543e-24,3.86166004921754e-23
"b1184",413.787323084365,-3.41690012608036,0.266423710875619,-12.8250601827086,1.18694374531667e-37,4.70562183890964e-36
"b1185",945.682425915076,-0.78859936570576,0.212769934253412,-3.70634774350462,0.000210269546548256,0.000562398118825788
"b1187",3698.14724440509,0.723554870590397,0.179901651060804,4.02194680440062,5.77190950965435e-05,0.000170030834305234
"b1188",15186.3250250086,2.60175607819642,0.16741819125363,15.5404622324159,1.84646815571191e-54,1.13517650964202e-52
"b1189",9808.7532139691,1.33786256475881,0.279247903012081,4.7909493691021,1.65994013676121e-06,6.30390873781653e-06
"b1190",8623.50574774568,1.75060216005201,0.264838516322935,6.61007388335232,3.84128262415976e-11,2.53417121177072e-10
"b1191",910.846849764532,0.58942409749352,0.210610874923913,2.79864037270849,0.00513182580494847,0.0104158875907136
"b1192",459.655825379081,0.701338714227467,0.224341984273633,3.1262035793177,0.00177078920971819,0.00395977218114104
"b1193",491.805874147559,-0.517397647425885,0.226839939014325,-2.28089308114834,0.0225547744734572,0.0396015535250022
"b1194",93.1410402121826,-3.02242629348112,0.4879876176909,-6.19365365822783,5.87853243193551e-10,3.36458408971147e-09
"b1195",848.252077101946,2.53831328807607,0.244771405149743,10.3701381561429,3.39034239429433e-25,7.77396347924138e-24
"b1198",1605.65514157522,1.69704695015545,0.223857563899731,7.58092297884371,3.43105250477235e-14,3.19879664291084e-13
"b1199",910.56833475148,2.49402595394121,0.220146095497718,11.3289583823987,9.43197056397698e-30,2.75933925050968e-28
"b1200",1734.15991341752,2.24736477184588,0.26039060808219,8.63074435901513,6.09539810179014e-18,7.88313376457127e-17
"b1202",449.960174345184,-0.531854906718919,0.23658447006057,-2.24805502484062,0.0245726814501467,0.0427765090073032
"b1203",2576.23594214571,1.10082466177758,0.192916839365439,5.70621344097552,1.15517127756496e-08,5.69794948770998e-08
"b1205",31865.9900456487,3.44630478827446,0.208902358888362,16.4972037970915,3.84279772197988e-61,2.85985051519977e-59
"b1207",6366.75259118774,-0.613000776726855,0.1992175289247,-3.07704236688206,0.00209065583984004,0.00461183675122279
"b1209",835.002936546643,0.727221190246747,0.2118861817288,3.43213127120078,0.000598857613052999,0.00148083396914073
"b1212",583.323415430501,-0.67907327652648,0.270738691200247,-2.50822397610032,0.012133972758547,0.0227351203364649
"b1213",103.736060026726,-1.92199916935689,0.4113938093025,-4.67192049538995,2.98396468128307e-06,1.08465965535585e-05
"b1216",507.849823089471,-1.98035538158955,0.291001063952951,-6.80532007233393,1.00824819973555e-11,7.02297021884763e-11
"b1217",444.976838461045,1.1102784630963,0.234008196953149,4.74461355436448,2.08904764696597e-06,7.78028105217702e-06
"b1218",1088.02118754334,1.58162870328297,0.222672615998525,7.10293313881689,1.22136502861644e-12,9.52395303564514e-12
"b1219",1411.04017396177,1.05909183519478,0.256162602726855,4.1344514145341,3.55803512146281e-05,0.000108818925632626
"b1228",157.071711395517,-4.12470188472292,0.501816293229382,-8.21954555954902,2.04275749084828e-16,2.29850856132053e-15
"b1229",275.797892595604,-7.52062947520123,0.740642335570331,-10.1541987461599,3.17406637033466e-24,6.8001967388685e-23
"b1235",2743.21284735093,0.926843641842482,0.185801407321689,4.98835641345699,6.089514623698e-07,2.432365445737e-06
"b1237",23585.3178712304,0.993008248705995,0.172815260160911,5.74606807165866,9.13425461287972e-09,4.54782958542673e-08
"b1241",38388.2175078248,2.70658745637548,0.188283249187135,14.3750836469016,7.4180381090769e-47,3.74610924508383e-45
"b1242",321.899588241851,-0.591172756869822,0.270063073711362,-2.18901736081718,0.0285955782114027,0.0487942247678078
"b4711",29.9015429141247,1.45937093968935,0.658957693424646,2.21466560638348,0.0267830252499304,0.0459416065953113
"b1243",58190.4896732785,1.10877135322475,0.181676409876838,6.10300123156553,1.04095039824317e-09,5.74214771046494e-09
"b1244",5640.5241354986,0.82814300881925,0.225224595731586,3.67696523609792,0.000236025191502829,0.000626544970184606
"b1245",6668.96458161892,0.97465333458395,0.231355887370384,4.21278812336251,2.52237650063381e-05,7.97640346640627e-05
"b1246",10328.3989478838,1.09144207662788,0.214227930542208,5.0947702004377,3.49164521145775e-07,1.43662065829329e-06
"b1247",11400.0226141276,0.966839968594267,0.210374339206265,4.59580751265635,4.31076516471322e-06,1.52005534735773e-05
"b1249",1511.11065532456,0.728167815214965,0.184308192872865,3.95081631404878,7.78850854799035e-05,0.000224754103813436
"b1250",932.508840193261,1.3522386276358,0.200383021353268,6.74826948163364,1.49618870634342e-11,1.03537234784809e-10
"b1251",731.293033121755,1.17126951054731,0.231482095591216,5.05987086195946,4.19540521666846e-07,1.70631916865845e-06
"b1253",151.452728232896,-1.29299783812056,0.333895004426174,-3.87246835376494,0.000107738668383545,0.000303874621863694
"b1254",1145.27787699649,1.08338294657181,0.190181227491914,5.69658194375612,1.22233155953669e-08,5.9874485860908e-08
"b1255",1115.97358080759,0.859091117319688,0.202233396895447,4.24801803514101,2.15670036406559e-05,6.90991158940048e-05
"b1256",794.207302243746,2.46194515224972,0.291001583288872,8.46024658843794,2.66812737627514e-17,3.25235526728711e-16
"b1257",237.623892227032,1.51995058342299,0.321558825286638,4.72681967931718,2.2806362200834e-06,8.45669479509946e-06
"b1258",136.095536429519,1.27523715010999,0.365312790574371,3.49080892597539,0.000481560520460624,0.00121377286262268
"b1259",632.718331731372,2.27342551994169,0.308355328848063,7.37274600842681,1.67148758387846e-13,1.42378520699045e-12
"b1260",873.004993012906,1.80259630178978,0.226082979873195,7.97316234420132,1.54664788956696e-15,1.59632125244356e-14
"b1261",997.824905365372,1.90023090939313,0.21063443924072,9.0214635187054,1.85593049556554e-19,2.72417202843911e-18
"b1262",753.979402733009,2.05151638373476,0.204106553875472,10.0512028878133,9.07527970237258e-24,1.82451831741538e-22
"b1263",459.842903484655,2.20359342227096,0.228956862436111,9.62449170042176,6.30177142352486e-22,1.08667131620294e-20
"b1264",274.883320531124,2.43736115802815,0.284798456927834,8.55819650260872,1.14646832473211e-17,1.42619314765795e-16
"b1266",648.645049402531,0.640986331667176,0.211125293488249,3.0360470840641,0.0023970192981285,0.00522247347851109
"b1267",886.05672931944,1.04393702280028,0.205547474129172,5.07881221709511,3.79801874444618e-07,1.55213829614072e-06
"b1268",208.112667137633,-0.91824810992932,0.292314779479515,-3.14129895027655,0.00168200246985349,0.00377516109900449
"b1269",1547.67649563187,-0.918711224946852,0.210082367418782,-4.37310011418272,1.2249451503703e-05,4.11418632452162e-05
"b1270",393.151486489004,0.648698450561922,0.235436149607686,2.75530521393111,0.00586374075620696,0.011760750963513
"b1271",511.31788725413,0.874737330616723,0.222394392460636,3.93327062314106,8.3797802464872e-05,0.000240833521718148
"b1272",2184.61678120656,1.53844758224694,0.174963983540758,8.79293870151599,1.45697972381852e-18,1.97460319119431e-17
"b1273",1816.63283766139,1.70182702684165,0.18859489961086,9.02371713314165,1.81813047380534e-19,2.67795467704245e-18
"b1274",9574.40627767007,0.445816649961282,0.196537585605029,2.26835314267682,0.0233076912895919,0.0407716397733809
"b1275",5646.80167896539,2.6446588040147,0.201872817836194,13.1006186586283,3.26584689308059e-39,1.37165569509385e-37
"b4523",189.826823295166,-0.832782811975937,0.323944571818382,-2.57075711224707,0.0101476469453438,0.0193727805320199
"b1276",22364.9026206796,2.51799682866993,0.162909983374618,15.4563690727271,6.8343893093134e-54,3.97143554111061e-52
"b1277",2440.3773850365,0.940883887198609,0.194035740032118,4.84902362339469,1.24070646597325e-06,4.77160183921895e-06
"b1278",1220.55037847908,1.67786525840915,0.187327684573339,8.95684619297296,3.34097242826679e-19,4.77185354905984e-18
"b1279",1456.52724932603,1.31574439837053,0.181399119522392,7.25331193356822,4.06701957176172e-13,3.31774942757947e-12
"b1280",1667.80288842948,1.11742812946111,0.178242497048046,6.26914539443365,3.63035033020443e-10,2.15083046099542e-09
"b1281",664.923879751575,-1.46408399260375,0.268280862804907,-5.45728076649441,4.83481537174528e-08,2.19585511851643e-07
"b1282",183.183838398195,-1.64178015606355,0.371157032769157,-4.42341114706741,9.71545988357226e-06,3.31827542883362e-05
"b1283",7386.17623876342,1.1242294861077,0.169040487432273,6.65065217915991,2.91797119040167e-11,1.93709448977839e-10
"b1285",1282.63996931489,0.651383117976161,0.18746752825939,3.47464504399328,0.000511529735800935,0.00128093809874118
"b1287",626.414820073734,2.01347700688584,0.375042747505504,5.36866002683145,7.9323788287677e-08,3.48695865198265e-07
"b1288",10273.2116449114,1.75827213394361,0.180290495180607,9.75243942939006,1.80087870158224e-22,3.27868130991926e-21
"b1289",266.842717768825,0.893623421787141,0.2833420455161,3.15386804016125,0.00161121923019947,0.0036374624664748
"b1290",620.595940951384,0.908229556321641,0.217966555630806,4.16682987760751,3.08864819548644e-05,9.58452497823956e-05
"b1291",1202.19627474947,1.51697652464267,0.206481106953299,7.34680546334815,2.02999981910034e-13,1.71197996672438e-12
"b1292",586.498432148013,1.51404350529185,0.216810496894168,6.98325739288768,2.88413297269098e-12,2.15017435327858e-11
"b1293",660.08922710896,1.47434958865,0.214643077521369,6.86884294464714,6.47247152537344e-12,4.62225996812022e-11
"b1294",1730.38789406943,1.23469105627711,0.177396767001745,6.96005387891293,3.40142626343561e-12,2.50936525382502e-11
"b1296",724.749501469161,1.39385718744251,0.383574389956729,3.63386405333201,0.000279208017004846,0.000731391708515632
"b1297",1373.33816716013,1.12107674007337,0.387378579218067,2.8940080846398,0.00380358368546372,0.00799544201870026
"b1300",1874.3411542978,1.36768211756103,0.400896604646647,3.41155824646236,0.000645926995478153,0.00158657922108762
"b1301",1334.93321426387,1.80018869993778,0.416594613780744,4.32120013170701,1.55182841270117e-05,5.10694811999873e-05
"b1302",1461.60005966552,1.77313477726626,0.408660897884244,4.3388902301304,1.43204023812506e-05,4.74958146217866e-05
"b1303",357.298279803636,0.833415682260187,0.251364121694163,3.31557135777002,0.000914559887492067,0.00218198146385903
"b1304",1628.59746097728,-0.892362537065828,0.289713453842521,-3.08015566840361,0.00206892428944079,0.0045734115871849
"b1306",279.16040025586,-0.683793045769734,0.310272178671389,-2.20384904859273,0.0275349618140167,0.0471741954826571
"b1308",2634.17069259967,0.797169793634095,0.232926253818975,3.4224128047568,0.000620680018995539,0.00152899224191584
"b1309",111.096880633142,-4.3100325045493,0.483622016114931,-8.91198572631779,5.01265891851715e-19,7.06435187121254e-18
"b1310",49.3649442133569,-2.59020398447482,0.598398753641321,-4.32855845489842,1.50088498874219e-05,4.95467246867266e-05
"b1311",33.802515766862,-2.13649782198859,0.640244477321749,-3.33700312562776,0.000846869957803929,0.00203421424745428
"b1319",7.24465440310935,-6.0471671426374,1.99553666634772,-3.0303462946161,0.00244273485337127,0.00531661428835349
"b1321",1247.94329305069,2.26255013388319,0.194567153954971,11.6286335483265,2.94778448193832e-31,9.47310740331998e-30
"b1322",681.862698752673,2.06990644184583,0.224257826796469,9.23002987862016,2.70556420535936e-20,4.28246393997553e-19
"b1323",3179.25329211934,1.18451418348773,0.182386832368821,6.49451590393552,8.33008302824206e-11,5.29778293940072e-10
"b1324",8364.91009076932,0.943375452208939,0.193330499118198,4.87959973471222,1.06301357303179e-06,4.12184970457115e-06
"b1325",1573.29383413293,0.677794080543137,0.179451560062655,3.77703086173499,0.00015870907209949,0.000434912069667983
"b1326",1135.85076419665,0.843603657080187,0.21277731589129,3.9647255326371,7.34804450991261e-05,0.00021291260116837
"b1327",178.109052542826,0.790377554945443,0.299174130504164,2.64186463453077,0.00824510018375857,0.0161178410043797
"b1329",1323.7646475931,-1.26177026848876,0.209140131938352,-6.03313317627958,1.60810778500839e-09,8.65684419290049e-09
"b1332",2441.93780392091,0.751211065603155,0.181485661782317,4.13923093552259,3.48472033413474e-05,0.000106820562026308
"b1333",14391.2663968667,1.9851242760818,0.230741187152039,8.60325068351916,7.74894713344251e-18,9.84162686828237e-17
"b1334",9092.96911559837,1.27748172500092,0.163150515789933,7.83008082331629,4.87556435971134e-15,4.82101259065163e-14
"b1341",1077.25122636846,0.960880718548184,0.23850324151682,4.02879521652295,5.60634270689048e-05,0.000165844531120149
"b1342",933.736326383406,0.947694368659566,0.192143203332678,4.93222946334833,8.12963333957254e-07,3.20203385575364e-06
"b4743",116.224547017593,0.885573578933251,0.376461690918431,2.35236041354638,0.018654689900168,0.0334459824837332
"b1353",57.3507953223532,-2.07874297464011,0.645487453919152,-3.22042351407263,0.0012800134391711,0.00295903481138485
"b1356",1161.13586421636,0.956995581239019,0.195606894255501,4.8924430035119,9.95919625457556e-07,3.87231077102746e-06
"b1365",20.222281456837,-3.11569159901411,0.91119760289079,-3.41933691345272,0.000627739492390443,0.00154458870459412
"b1366",34.240099056974,-2.99988716915422,0.701653040813477,-4.27545666398913,1.90745903224984e-05,6.21940139492993e-05
"b1370",456.401819364884,1.66640971520219,0.361085371908232,4.61500200463868,3.93091522075511e-06,1.3942259503715e-05
"b1374",201.894173791926,-2.57229420463515,0.383493547400753,-6.70752929761054,1.97947227027014e-11,1.35434215652999e-10
"b1376",1873.0406127708,1.54564112891025,0.223507393753586,6.91539149087078,4.66573058947642e-12,3.37172558101516e-11
"b1377",53.8137730069768,-2.41507391194823,0.607144640092908,-3.97775711497455,6.95683798322057e-05,0.000202545687884843
"b1378",10707.7966838279,1.77727839027717,0.169554815827092,10.482028372993,1.04478517038754e-25,2.43515312790328e-24
"b4529",1177.19541169539,1.4701186288868,0.235527771707271,6.24180587380562,4.32547581568972e-10,2.53434646549113e-09
"b1379",1564.65051971184,0.956509640908574,0.210503099600616,4.54392188392164,5.52171274314809e-06,1.93792880609707e-05
"b1380",802.1288233778,1.14949018277128,0.206461273121857,5.56758255623483,2.5829771100616e-08,1.22151492763448e-07
"b1381",1326.42241499799,1.14547425287042,0.189048036206504,6.05917033498921,1.36825441503209e-09,7.42216781146562e-09
"b1385",793.809313947408,0.467106670019535,0.198217703302302,2.35653356000776,0.0184464007592892,0.0331566237376715
"b1392",169.916148706902,1.49223959275174,0.340662524269032,4.38040431935879,1.18459299853858e-05,3.98812976174657e-05
"b1393",100.839280689268,1.19405552639446,0.373676209813946,3.19542827462573,0.0013962348254874,0.00319634545586485
"b1394",82.0011004348422,1.12850943222965,0.447866020148439,2.51974782962017,0.0117438935137881,0.0220627087181086
"b1395",230.285331075129,1.25839496659647,0.286653816494182,4.38994666802916,1.13378464062735e-05,3.82618492087607e-05
"b1396",60.3783909876421,1.79219503762878,0.461790685962667,3.88096835234496,0.000104041380446987,0.000294425307442374
"b1399",1148.56511380545,0.956089695169601,0.226207185301848,4.22661063526256,2.37237654000063e-05,7.543943990017e-05
"b1400",698.693649054585,0.823219526011107,0.26696420634097,3.08363258615907,0.00204489967996424,0.00452266133597931
"b4492",2464.11651741711,-1.33783789776297,0.198764372634783,-6.73077312613346,1.68763936015504e-11,1.16216983210677e-10
"b1406",1430.27841986658,1.35669653611378,0.248308080415082,5.46376313588291,4.66145440278377e-08,2.1193879503332e-07
"b1407",138.55596159682,-1.92162533912743,0.345899314474495,-5.55544708738972,2.76902087864333e-08,1.30368330379634e-07
"b1408",11.2705741280214,-6.68648437114206,1.76715900373522,-3.78374801419054,0.000154484233386568,0.000425257701509293
"b1409",23.7341040924416,-3.63791022366764,0.945989770068968,-3.84561264695538,0.000120251603315926,0.000336482388697994
"b1412",275.055217944333,0.796446271495319,0.262978106837154,3.02856492912738,0.00245718268805032,0.00534115171664062
"b1413",5769.16807357872,1.58538435909564,0.16767144100599,9.45530347675016,3.22086294995136e-21,5.2956979200363e-20
"b1414",1420.35540030248,1.70420678649229,0.303466188160197,5.61580450469381,1.95649770168548e-08,9.39916562916174e-08
"b1415",14100.2879661859,1.11438056319444,0.294981582444692,3.77779708807204,0.000158221706924873,0.000434137439052594
"b1418",544.343893459004,-0.574725842963387,0.216993468313004,-2.64858591104857,0.00808293022108969,0.0158300046158183
"b1421",545.220886753575,-2.07061131015198,0.279355412833078,-7.41210377544833,1.24311418533183e-13,1.09631816510969e-12
"b1422",1808.32102392879,-1.6927216209309,0.303682893123846,-5.5739775247748,2.48987871426667e-08,1.1801190509407e-07
"b1423",4528.82744524881,1.19890136075188,0.20327004336846,5.898072046842,3.67773395000861e-09,1.91188081077653e-08
"b1426",3580.09679409751,2.16633996144569,0.283820716836374,7.63277601999224,2.29751851289636e-14,2.16579411815697e-13
"b1427",529.61192874006,0.875643379631576,0.240974123045044,3.6337651884219,0.000279315079631147,0.000731391708515632
"b1428",705.830734981261,1.73858408916372,0.206298713550042,8.42750814702485,3.53103704188011e-17,4.26742425403289e-16
"b1429",474.211132779939,0.62203823181491,0.241531085282479,2.57539616934779,0.0100125330082086,0.0191320563156852
"b1431",1894.78648073024,0.820825974013688,0.208586395049102,3.93518462131944,8.31327657397896e-05,0.000239246399096464
"b1435",1204.57790675906,-0.901704483349688,0.215774251365857,-4.17892532423064,2.92889829132708e-05,9.11547069098275e-05
"b1439",592.740042332655,-0.750217575576698,0.252497208346264,-2.97119156481081,0.00296646680079773,0.00632031751330184
"b1441",3086.26183428567,0.662649680347399,0.208520386530411,3.17786520240676,0.00148363710761442,0.00337096336930926
"b1442",1474.19391647295,0.605948627483373,0.21738628503984,2.78742804483881,0.00531282514422271,0.0107523875294813
"b1443",2136.63425377356,1.27858580939193,0.225381940028979,5.67297366074466,1.4033981427054e-08,6.80367419583577e-08
"b1444",12096.2349463991,2.02571332928233,0.243668621973724,8.31339428472155,9.30028712508944e-17,1.07498141647492e-15
"b1445",206.339182921265,-1.06588452726956,0.368668551023417,-2.89117290940787,0.00383806888549843,0.00806393670742166
"b1446",768.718248282104,0.731392578176885,0.258907653299549,2.82491679506547,0.00472928952174797,0.00971978980196457
"b1448",518.197354719718,1.43346860136708,0.216612370798862,6.61766729241028,3.64911156210536e-11,2.41114193869952e-10
"b1449",1381.31846059729,1.98844151343476,0.190549985064815,10.4352750946603,1.71117387557647e-25,3.96655714764775e-24
"b1450",481.372420715662,-2.50212925209109,0.286917592373117,-8.7207244121763,2.76427494309844e-18,3.6303573710909e-17
"b1451",815.494916586751,-1.78312749366725,0.346783195406476,-5.14190859674497,2.71961428195468e-07,1.13437598663242e-06
"b1452",827.729027395697,-0.65496360270881,0.281953969032738,-2.32294514227165,0.0201820996250322,0.0358962124148372
"b1453",193.959365895888,-1.27030494788879,0.392336970227676,-3.23779058382295,0.00120459196042568,0.00280916937664966
"b1454",254.148931243965,1.62015712875176,0.275293727122623,5.8851945000189,3.97586147426671e-09,2.05929235333814e-08
"b4745",23.8717001000953,-4.67939670858708,1.0738683897736,-4.35751415457311,1.31547993669032e-05,4.39045310105455e-05
"b1460",137.839935997534,-5.39035750449013,0.579565507208873,-9.30068721730789,1.3954082318193e-20,2.2253089170592e-19
"b1462",193.560579137957,0.807491134255741,0.29946761924664,2.69642219177859,0.00700887698843112,0.0138738479631007
"b1464",1364.46528733566,1.47384688600024,0.232632989643004,6.33550249370046,2.36568988636561e-10,1.42749025575575e-09
"b1465",477.314682004592,0.899629741894654,0.295971997378953,3.03957722305329,0.0023691045794043,0.00516696227549256
"b1466",497.740298744058,0.799253084857669,0.305722743686086,2.61430692143185,0.00894086789473365,0.0172788891159272
"b1467",1377.77638929433,0.772778405158394,0.280270932400134,2.75725491238286,0.00582888913002454,0.0116963801748175
"b1469",562.144198677783,-1.24842252314803,0.214137098494123,-5.83001512548418,5.54223520587653e-09,2.81896423780914e-08
"b1472",5.93128562755753,-4.26264791646344,1.93624754539636,-2.20149945527283,0.0277006852151043,0.0473815752751905
"b1474",3513.52266303656,-3.91002752165974,0.919871075106101,-4.25062557946911,2.13174272521947e-05,6.84545998514838e-05
"b1475",602.163098414273,-2.87462196616089,0.893034703540633,-3.21893645875554,0.0012866699340339,0.00297117793150344
"b1476",521.783698217119,-1.71282198604944,0.302304144678954,-5.6658898536388,1.4626346346326e-08,7.08275812798116e-08
"b1477",1085.14402075507,1.61748996166046,0.200047010295866,8.08554928798099,6.18846445547753e-16,6.54650030427324e-15
"b1478",11287.1725766826,3.3675591559333,0.189057665218254,17.8123386430573,5.66908395014419e-71,5.46551229920719e-69
"b1480",21116.8993078632,2.86654051002709,0.191511459226692,14.9679842741628,1.18869778400279e-50,6.5486441555063e-49
"b1482",13336.8477779403,2.73502783008035,0.172695474200786,15.8372872406629,1.72086181819311e-56,1.12306089735003e-54
"b1483",525.432185510211,0.665148028484193,0.218970336942954,3.03761704790853,0.0023845677761547,0.0051980146487401
"b1484",386.519545898259,0.994529886795833,0.376283895770633,2.64303069563747,0.00821675857702399,0.0160772554814279
"b1488",107.766078725819,-1.09595903335548,0.469930600376724,-2.33217209621355,0.0196916394855165,0.0351417478744472
"b1489",1148.70633990259,1.56680520271643,0.220117416778979,7.11804284115178,1.09470348747754e-12,8.59950406274026e-12
"b1490",984.276765601738,1.42482234597137,0.197360807122762,7.21937838998148,5.22257484655553e-13,4.21181796560619e-12
"b1491",894.525123724302,0.653536900038925,0.205323700138145,3.18295890634746,0.00145778302254666,0.00332647422358415
"b1492",92682.2679971626,5.87744090406952,0.169289355197526,34.7183134888295,4.1700674736301e-264,5.89647540771297e-261
"b1493",100456.540040501,5.4033150823568,0.176684927234217,30.5816413824257,2.14747258917827e-205,1.51826312054903e-202
"b1494",187.523873805788,-1.20142663060817,0.294622899725285,-4.07784538041142,4.54549775495556e-05,0.000136172326811593
"b1495",105.794575038498,-1.4936071906759,0.379824514935392,-3.93236121404635,8.41155442136917e-05,0.000241583032196669
"b1496",42.4012977155485,-4.52155406217202,0.787909715355456,-5.73867027408359,9.54227937645891e-09,4.73985352633943e-08
"b1497",41.9908223070241,-3.19174627053891,0.646625364220404,-4.93600537057034,7.97389122894579e-07,3.14361027817733e-06
"b1498",337.739514916869,-2.13081081411868,0.259457145644193,-8.21257325107849,2.16497901041915e-16,2.42317703488075e-15
"b1499",20.6965411648387,-3.42380388945948,0.952671928403669,-3.59389605947194,0.000325769837494185,0.000844175718173692
"b1500",9.38260279773425,-3.93111322887287,1.51499145147075,-2.59480885192887,0.00946435380148801,0.0181708237483321
"b1501",316.042702924214,-2.19139028830264,0.260343484925838,-8.41730412008154,3.85246663532444e-17,4.64266007586542e-16
"b1502",43.7869292629828,-3.92518122791404,0.722934657600377,-5.42951038056858,5.65088663854109e-08,2.53126305392728e-07
"b1503",21.9494044749627,-3.24726354347481,0.879333592940641,-3.69286874690572,0.000221738481241257,0.000591581532971956
"b1504",16.6070303843718,-5.78671338210319,1.63952244997916,-3.52951152463739,0.000416327571329485,0.0010587899026257
"b1505",87.3428943699182,-5.87635623215387,0.793193564702554,-7.40847693886358,1.27758122928766e-13,1.12204960137438e-12
"b1507",314.052920706427,0.70783593820194,0.263950325893107,2.68170132318229,0.00732488252650495,0.0144656199615615
"b1511",3994.15258514492,1.48883182684951,0.213148054632053,6.98496558844793,2.84925810310949e-12,2.13166717343747e-11
"b1512",2499.8170680183,1.57577664891625,0.183871081823581,8.5700080365447,1.03477818918836e-17,1.29867724217072e-16
"b1513",3760.6908425538,2.0132851730116,0.239454534698869,8.40779722774282,4.17782609030683e-17,5.00631024719818e-16
"b1514",1873.06881825313,1.86149671062616,0.254238794288487,7.32184368571977,2.44586965412574e-13,2.03438805349047e-12
"b1515",1078.81140112703,1.70703129908416,0.203631975843506,8.38292361508117,5.16289827050244e-17,6.13473794494996e-16
"b1516",3057.75302534234,1.45850893658599,0.197153578877722,7.39783140072027,1.38426445496371e-13,1.20082818363109e-12
"b1517",2615.72445484634,1.36330773797126,0.18469742707491,7.38130335415189,1.56747401770527e-13,1.34599691965704e-12
"b1518",1145.08185770676,1.32417250782939,0.240491304560463,5.50611387072611,3.66841296188618e-08,1.70070030429739e-07
"b1519",1785.0280948395,1.2141637144634,0.180456058768795,6.72830672878111,1.71648793525522e-11,1.1801202303651e-10
"b1520",356.274106829118,0.558202619984678,0.234778586134629,2.37757041293616,0.0174271153857376,0.0314378248396344
"b1521",391.462532363073,0.5406906230232,0.239375888800052,2.25875139611423,0.0238988534389921,0.0417369025476345
"b1522",459.362416998264,0.988712986801576,0.241555818071019,4.09310359277245,4.25637443742277e-05,0.000128417783524519
"b1523",246.847540127623,-0.768221145586398,0.265804538703128,-2.89017316760122,0.00385029666899386,0.0080856230048871
"b1524",320.798977872245,-0.690130169702837,0.246237234763309,-2.80270435284172,0.00506761004799816,0.010300336283473
"b1525",329.893533184556,0.985857030577974,0.282270862568443,3.49259226264961,0.000478356312175676,0.00120641348171773
"b1530",2929.94530342273,-6.54566211770735,0.258875778949126,-25.2849538271933,4.67623902130492e-141,1.65305049403129e-138
"b1531",3358.45868026106,-5.1910610213876,0.240091494728627,-21.6211783231014,1.13541252674921e-103,2.29353330403341e-101
"b1532",1322.4746886237,-4.64332698010118,0.268747951979321,-17.2776274047977,6.93423515193173e-67,5.76765206166557e-65
"b4775",17.5986842756657,-2.92589044547833,0.972759927482404,-3.00782378345993,0.00263125662509211,0.00568319277171117
"b1535",627.503963374967,-1.16422211170066,0.274835472421715,-4.23606931609703,2.27466584134374e-05,7.26591302634047e-05
"b1536",921.366194885981,1.5264713299049,0.222033726336419,6.87495253577846,6.20105022448214e-12,4.45090610021205e-11
"b1538",2192.71326169725,1.35574021606244,0.212769566413236,6.37187093491253,1.86736006923803e-10,1.14140366191754e-09
"b1539",2275.34067490908,0.850237419046894,0.220795691304788,3.85078809293076,0.000117738340569271,0.000330103133307897
"b1542",107.254585423386,-1.32099697328109,0.462404090513193,-2.85680209233226,0.00427932568326777,0.00889412030789902
"b1543",101.603127324081,-2.48854943632397,0.490972420675707,-5.06861349339964,4.00724014905159e-07,1.63135438697474e-06
"b1545",205.08238764126,-2.57042729778705,0.375983275519986,-6.83654690286993,8.11248061738747e-12,5.73390623196758e-11
"b1546",19.8573172153923,-2.91070167644373,0.907144270215189,-3.20864251918084,0.00133363194532216,0.00306793205642983
"b1547",52.9787064516192,-1.32997650420958,0.599023163024345,-2.22024219813938,0.0264023312544351,0.0453803440767074
"b1549",26.6078898418083,-3.19881197541134,0.930218006911892,-3.43877666487091,0.000584349097547119,0.00145044404435043
"b1550",301.443330030463,-1.61219386186277,0.287038643612193,-5.61664395279455,1.94702046894836e-08,9.36424130303735e-08
"b1551",85.566267174334,-1.8848765563117,0.460687016129709,-4.09144710034762,4.28689740777314e-05,0.000129154963094983
"b1554",29.5006675708226,-2.72020261658779,0.784843203732161,-3.46591854736388,0.000528423339668907,0.00131857165110324
"b1555",18.0670679915829,-2.23391219416499,0.95756880927766,-2.33289991541197,0.0196533988273426,0.0351030390844578
"b1556",21.0112929818524,-2.62958051401993,0.879988291874417,-2.98819943208426,0.00280626371954064,0.00601828650065287
"b4776",108.171701750961,-2.99689502164332,0.498820787712247,-6.00795936229531,1.8787291360813e-09,1.00625871152233e-08
"b1557",6247.81925160942,-1.32601608760765,0.300421478316717,-4.41385248164482,1.01547167186979e-05,3.45162726928819e-05
"b1558",349.235071260181,-3.35217855741055,0.350847300115753,-9.55452288304509,1.24154664300623e-21,2.09826329069022e-20
"b4750",339.634172173678,-1.13453439748464,0.307976369186365,-3.68383587507683,0.000229750203401594,0.000611418044435107
"b1559",64.3604294682081,-1.75779099559503,0.650672821433299,-2.70149749258464,0.00690280008324682,0.0136894240080098
"b1560",147.0328736211,-2.90555317951607,0.460224621335447,-6.31333710718245,2.73081744369158e-10,1.64313866611911e-09
"b1562",999.394067025755,0.74782435708537,0.306101365066452,2.4430611634908,0.0145632689070239,0.0268043678000721
"b1563",1236.01061970155,1.21427065528901,0.278342024462071,4.36251283878436,1.28577038092734e-05,4.30484447978989e-05
"b1564",580.051351873295,1.25370074766959,0.254899663376435,4.91840880079204,8.72505503345948e-07,3.41121506469448e-06
"b1565",93.7667593509517,-1.69562336392779,0.409649696009522,-4.13920327647057,3.48514044894884e-05,0.000106820562026308
"b1566",99.6454658112011,-2.18876216783518,0.414732007624535,-5.27753375094383,1.30934094359897e-07,5.62168449670734e-07
"b1570",860.485519018097,1.07378683699688,0.213273767828256,5.03478157642702,4.78394000665772e-07,1.93087283617907e-06
"b1580",104.582061459152,-0.952840217362988,0.389269628657202,-2.44776408745229,0.0143745739936072,0.0265232461421842
"b1581",90.088100517942,-1.01267020752317,0.391559158195554,-2.58625085463439,0.0097026287124446,0.0185901314354968
"b1582",101.059840198201,-0.972936055223074,0.381603023874209,-2.54960258266662,0.0107845778087929,0.0204141807518517
"b1586",774.175158601193,1.27385156459367,0.207911006703624,6.12690778035405,8.96033701983717e-10,4.99735860450625e-09
"b1587",590.773674018259,1.26405858652182,0.249272161063577,5.07099782474072,3.95735296364115e-07,1.61414339151594e-06
"b1588",451.960121197804,1.41414093557726,0.229831003158723,6.15295985372626,7.60500617187846e-10,4.27857243781279e-09
"b1589",103.586424870715,1.33001910532183,0.394994707415616,3.36718209219541,0.000759405271916049,0.00183865881423194
"b1590",316.554358082179,0.71901869580131,0.247916112968386,2.90024995629469,0.00372865193316251,0.00784959875954113
"b1591",417.769927072948,0.613871042110049,0.275215970888619,2.23050660951099,0.0257138291577834,0.0444309830090906
"b1592",220.106868415196,-0.990593559201793,0.293206853702735,-3.37848023227348,0.000728876725174422,0.00177287561249421
"b1593",897.658897833471,0.896723429501084,0.235400318272349,3.80935521278103,0.00013932966834734,0.000385291038545904
"b1594",1135.28106577207,0.757073973088701,0.216642430807496,3.49457846400099,0.000474811020734037,0.00119889782735344
"b1597",42067.4111562908,9.68394829776684,0.26867586454534,36.0432386219516,1.76008536121294e-284,7.46628210226527e-281
"b4601",1303.47499798648,6.54285759294281,0.338855305036546,19.3087063879291,4.53796926114935e-83,6.87502343064126e-81
"b1598",5361.53930742369,2.82081359194652,0.181706257175282,15.5240311247259,2.38580359450201e-54,1.44579697826822e-52
"b1599",264.223131765556,-1.02973355546269,0.263795487972097,-3.90352982675584,9.4799861190667e-05,0.00026953150882762
"b1600",329.709556108501,-2.8594866334067,0.272389870434084,-10.4977715538753,8.84433646560026e-26,2.07279973961748e-24
"b4777",178.131655638646,-2.29082463670439,0.393211104978855,-5.82594084372968,5.67917317798164e-09,2.88515600251474e-08
"b1602",2870.34906705954,1.44780507320807,0.198493805385231,7.29395595191607,3.00983876682836e-13,2.48399534025018e-12
"b1603",2619.28043616536,1.13573351790073,0.206745136368052,5.49339896382796,3.94270713356811e-08,1.81595696640564e-07
"b1604",2021.53761483983,0.6101567165921,0.177362999474578,3.44015785930344,0.00058137498432095,0.00144390672335449
"b1605",329.963631528643,-0.90965380584048,0.269428246777067,-3.37623770603813,0.000734844011771167,0.00178636578678126
"b1606",280.458660594944,0.584660741477866,0.251483828334967,2.32484428660407,0.0200802879585919,0.0357451034495791
"b1608",388.025405907182,-0.858278825691922,0.234264207798417,-3.66372154653035,0.000248577014848844,0.000657396319818452
"b1610",650.804170253791,1.14841285651757,0.234757451815247,4.89191225938748,9.98609630953897e-07,3.8792143356286e-06
"b1611",5052.85577157007,1.23217747317453,0.230966177033162,5.33488274777832,9.56063168083023e-08,4.1638808614047e-07
"b1613",2573.52038177809,1.32087070505897,0.205043400817054,6.44190790728001,1.17980866078815e-10,7.34911650376406e-10
"b1614",10269.6709366664,1.23040634818193,0.188569767494355,6.52493962595972,6.80289307416804e-11,4.35919522970103e-10
"b1617",531.14829581206,1.84720813688174,0.260990555692702,7.07768191833232,1.46585700669804e-12,1.13263486747051e-11
"b1618",2367.78537164107,2.06776319697606,0.192533923664189,10.7397343679682,6.62346813362139e-27,1.70283344380739e-25
"b1619",2335.2511728974,1.10957561902754,0.20420417316815,5.43365790136851,5.5210382616806e-08,2.47833273079885e-07
"b1620",952.614850024786,2.10234707095459,0.236928666884336,8.87333347458929,7.09883577181029e-19,9.90567807369054e-18
"b1622",857.641678657293,0.970312528813724,0.230330589219132,4.21269503153395,2.52341665533173e-05,7.97640346640627e-05
"b1623",1825.5437063271,1.01850310595022,0.183914342222844,5.53792104324376,3.06083185803093e-08,1.43470151842731e-07
"b1624",1921.56627120038,0.924068148616983,0.180746599894896,5.11250639931445,3.17912213642851e-07,1.31185176096593e-06
"b1625",199.03373221545,-0.948791450815091,0.317334073033112,-2.9898820563025,0.0027908518619511,0.00599432587260586
"b1626",518.555397793999,-1.05716587299574,0.247197343481702,-4.27660693317278,1.89763425896948e-05,6.1921265588835e-05
"b1627",450.764723575075,-2.3500837639041,0.29750568288016,-7.8992903300296,2.80495840178786e-15,2.83300798580574e-14
"b1628",494.940476717554,-1.90070805118732,0.294371463688244,-6.45683527667028,1.0691516001942e-10,6.67944195585243e-10
"b1629",1142.78776555734,-1.78310463562971,0.220994076028793,-8.06856304780489,7.11303350911424e-16,7.50584282230413e-15
"b1630",462.178199937837,-1.4876426427993,0.261106930147995,-5.69744603085068,1.21615461045924e-08,5.96407844805561e-08
"b1631",314.092787175563,-0.857679464430438,0.258623718439592,-3.31632175735951,0.000912107495316944,0.00217735509011507
"b1632",340.745170419247,-0.971144120603967,0.304894415288883,-3.18518172818555,0.00144663132868767,0.00330458271205874
"b1633",352.265180097021,-1.11009234507635,0.250312706910155,-4.43482218213876,9.21483160292265e-06,3.1523641660966e-05
"b1634",2111.98256068004,-1.04808392683744,0.183949186010366,-5.69768178685159,1.21447457598564e-08,5.96273281404059e-08
"b1635",2146.1085740589,2.39418183091391,0.205040089702807,11.6766522799718,1.6777380005062e-31,5.51702682026921e-30
"b1638",940.97116803751,0.818904240803391,0.234675320355173,3.48952007208943,0.000483888716994446,0.00121891682748839
"b1639",439.089567085688,1.21411927440294,0.293652961159804,4.13453782181418,3.55669678433093e-05,0.000108818925632626
"b1640",601.979589578231,0.974697173818522,0.219777844058815,4.43492008028654,9.21064516351865e-06,3.1523641660966e-05
"b1641",8214.99346896614,1.15550252140096,0.183714348788342,6.2896694189751,3.18142730752291e-10,1.89811738938287e-09
"b1642",2337.05221678873,1.03690631306178,0.214344171439009,4.83757643653412,1.31431847942096e-06,5.05012589647076e-06
"b1643",158.245170286718,-1.46285578922697,0.339875358718055,-4.30409487391079,1.67669805114771e-05,5.5093362765055e-05
"b1644",247.16794975973,-1.58666365760688,0.297892812797774,-5.32629049591739,1.0023877437875e-07,4.35223010148063e-07
"b1646",1955.05114287071,2.27406044271217,0.20677248437492,10.9978871201685,3.91190388436769e-28,1.0637369408646e-26
"b1647",1567.09025188715,1.09290165859025,0.200656485203984,5.44663013248351,5.1333050818681e-08,2.3190074714893e-07
"b1648",217.265758565518,1.52346647382689,0.32633848191843,4.66836293676112,3.03609219410049e-06,1.10209988626055e-05
"b1649",181.46065497662,-1.49723354803404,0.401691361018183,-3.72732324697982,0.00019352418930468,0.000522552266728485
"b1650",830.476215507372,-0.599639613691225,0.225748139882031,-2.65623279998931,0.0079019043732145,0.0155112810509838
"b1652",488.19047124958,-1.2026790484032,0.227293830272559,-5.29129649916589,1.21452280592832e-07,5.23577819384951e-07
"b1653",2056.33384353404,1.09097438944597,0.186184799702181,5.85963188826948,4.63894332206661e-09,2.38237258743421e-08
"b1654",2253.15588874519,0.714904403074943,0.253333529407613,2.82198888061384,0.00477268320273987,0.00979000103772849
"b1655",319.61053039574,-1.23405432863928,0.28865474518517,-4.2751915540056,1.90973027134061e-05,6.22202443243232e-05
"b1656",17606.1754738043,1.87580526467111,0.19283697915573,9.72741469444128,2.3037346965046e-22,4.14086550109006e-21
"b4602",212.007367322605,1.41936279498466,0.300025644068695,4.73080492632715,2.23631339695662e-06,8.29959880130356e-06
"b1658",1774.37699789482,-0.670010730814437,0.18524338174388,-3.61692128758911,0.000298127913633566,0.000776340460180226
"b1659",355.134675130968,0.598325482601185,0.235284163590495,2.54299088162412,0.01099080972758,0.0207582434837018
"b1660",340.420174728985,-1.73973143914519,0.355419365526151,-4.89486957630952,9.83709460671321e-07,3.82834452492453e-06
"b1661",9023.10393868454,2.88912693221582,0.16371561557058,17.6472288373144,1.06873190446787e-69,9.44491820573477e-68
"b1663",1915.23540351321,-0.529450956334622,0.208741918218892,-2.53639020304214,0.0112001858480199,0.0211254728178303
"b1664",3258.06082762,1.44825700819172,0.189425042027376,7.64554143787607,2.08067930484569e-14,1.97014321677576e-13
"b1667",2547.13834077412,0.651643291406453,0.238420266637636,2.73317071822949,0.00627278098727924,0.0125042936785895
"b1668",2631.6575612795,1.63394941748481,0.200793416514733,8.13746509146589,4.03639719112763e-16,4.34578601136127e-15
"b1673",133.765589541441,-1.4451617311513,0.354411777804395,-4.07763460939185,4.54961905829623e-05,0.000136199605118508
"b1674",48.9038552727236,-2.69369250105596,0.564883418110618,-4.76858129428836,1.8552780562466e-06,6.97084988006917e-06
"b1675",144.30273565866,1.03362724046187,0.325208634112315,3.17835116304105,0.00148115241104412,0.0033686640405761
"b4817",47.1452093414405,-1.77143543523594,0.676793665857809,-2.61739363797195,0.0088604096926757,0.0171546590216022
"b1676",11465.0787953305,1.73555265275398,0.17053266688456,10.1772445388944,2.50555758413248e-24,5.39521587405582e-23
"b1677",149940.470128278,0.943118927005898,0.170443138241752,5.5333346753344,3.14199131948077e-08,1.46787744242703e-07
"b1678",4457.77346146283,2.03399242495478,0.188187127419227,10.8083504586561,3.14270238357527e-27,8.22922438958413e-26
"b1679",633.542747517112,2.20051042363726,0.219874455272772,10.0080312690592,1.40520994544807e-23,2.811745560656e-22
"b1680",3412.10828925912,2.61698505105291,0.176935553371017,14.7906116164531,1.68416434760716e-49,8.93028145318699e-48
"b1681",4331.58359380867,3.04324331939524,0.181996117068618,16.7214738886316,9.14297874454109e-63,7.05173015169878e-61
"b1682",2608.85608084562,3.20750483687819,0.194607793406357,16.4818930461879,4.95100134610621e-61,3.62105995003147e-59
"b1683",6937.10943484567,3.47468512310874,0.194398869129316,17.8739986434661,1.88020998567065e-71,1.99396268980372e-69
"b1684",2501.57420531261,3.60084487964918,0.252294992608553,14.2723596787196,3.25379632362543e-46,1.62383576527283e-44
"b1685",604.99202101811,3.54464275820294,0.254051956493229,13.9524324359904,3.04055755491761e-44,1.46568694863188e-42
"b1686",649.443725209555,2.35414153589783,0.300388597127547,7.83698701751403,4.61485743584086e-15,4.57388440253199e-14
"b1687",3562.21803534366,1.91005746730504,0.216110004774728,8.83835743419688,9.71360864005272e-19,1.33782882633453e-17
"b1688",1701.04177542879,0.92279568269197,0.181998867277429,5.07033750537201,3.9711084505651e-07,1.61819808331385e-06
"b1690",21.5845368554792,-2.86049544025387,0.926006564609162,-3.08906604939803,0.0020078679509601,0.00445003962798993
"b1691",18.0955199344463,-7.36991171819538,1.65186910199234,-4.46155915702186,8.13654776924658e-06,2.80839997047551e-05
"b1693",267.387016901476,0.895122044899554,0.267070405418799,3.35163322755995,0.000803363738461524,0.00193518965278466
"b1695",48.4715008606329,-1.64081962704696,0.542324320595029,-3.02553207506291,0.0024819607794025,0.00538541055049893
"b1696",92.4496917223723,-1.41909124547142,0.390438977375695,-3.6346044521726,0.000278407447049632,0.00073036758836397
"b1702",17824.1783049057,0.920445466272203,0.221501349696219,4.15548468456088,3.24598689208469e-05,0.000100068869158599
"b1703",835.134117648334,1.27266327432629,0.23400010941779,5.43872939842968,5.36618850387282e-08,2.41393124426601e-07
"b1706",3015.39068828326,0.988186724748001,0.178141971841087,5.54718640719618,2.90303193219994e-08,1.36374988442881e-07
"b1707",474.205129539663,-1.3531509569524,0.263569798614202,-5.13393781862338,2.83741875091091e-07,1.18235072115561e-06
"b1708",625.33853036792,0.531936530910809,0.235563977384944,2.25814038638663,0.0239369084461234,0.0417710255016825
"b1712",9233.42445627574,1.2189247338176,0.1724145592189,7.06973204200253,1.55233154746085e-12,1.19727098624162e-11
"b1713",9538.16636232809,0.787336708245319,0.168675282449394,4.66776576159897,3.04492755828444e-06,1.1039814275421e-05
"b1719",26890.3027014114,1.2802387809582,0.166992884175529,7.66642714915037,1.76853538060868e-14,1.68587125495327e-13
"b1722",391.953235161001,-3.31731402537959,0.282498231233918,-11.7427780375472,7.69176428331726e-32,2.56917040077416e-30
"b1723",3855.03985316258,1.99738143986439,0.197599554095668,10.1082284775671,5.07944115826931e-24,1.05107265333553e-22
"b1724",1399.51307249641,1.68152994156892,0.245238001213245,6.8567266624668,7.04562542783218e-12,5.02311648148977e-11
"b1725",5937.16071858424,1.87449194101028,0.214084606963546,8.75584642724671,2.0257739586933e-18,2.70230601659653e-17
"b1726",1523.1726710734,1.77611582640689,0.186076536155185,9.54508216407057,1.3599975468936e-21,2.28932920393757e-20
"b1728",381.252428190702,-2.13470112279525,0.304946959902072,-7.00023742975096,2.55529098168682e-12,1.92053014678261e-11
"b1729",2695.13065242688,1.81322398248428,0.233873861493947,7.75299971917214,8.97468169415361e-15,8.71180772233401e-14
"b1731",85.5599675231692,-0.956302620647105,0.406745601082522,-2.35110746889943,0.0187176269146441,0.0335446444325814
"b1732",5567.83548699509,2.30552797152639,0.225690613454336,10.2154357961053,1.69117486694106e-24,3.67895578746871e-23
"b1735",215.474231557357,0.686807270522135,0.300910905908553,2.28242731332196,0.0224641243087375,0.0394750684828767
"b1739",4798.90408993929,1.17187925246126,0.183840002077378,6.37445191046084,1.83618418793971e-10,1.12559152098848e-09
"b1740",1241.96369559496,0.771998385729114,0.207576855791846,3.71909663427631,0.000199936555960707,0.000538837910028792
"b1741",1406.63422719942,-0.769113106821448,0.200238656909066,-3.84098214946938,0.000122543026481798,0.000342442370445184
"b1742",195.307021746932,-2.81759375392924,0.322308649813461,-8.74191169104506,2.29198616797324e-18,3.04783865973118e-17
"b1743",1432.78610376478,0.762610184749984,0.211166870297499,3.6114101784792,0.000304536560244436,0.000791086398381443
"b1744",6398.76799616121,2.12425713876605,0.310954873477613,6.83140005174735,8.40898694482485e-12,5.91557589053847e-11
"b1745",13617.0725201881,2.39365406652312,0.30754431886424,7.78311911389837,7.07579547361433e-15,6.93199177807667e-14
"b1746",16255.1750399583,2.27261109877734,0.317363620200662,7.16090614715202,8.0145507403546e-13,6.35471481132415e-12
"b1747",6712.15739504813,1.66201067221988,0.34384527164139,4.8336004863061,1.34085547541984e-06,5.14277479812925e-06
"b1749",757.524673339234,-0.737480498660646,0.220605596443037,-3.34298182163785,0.000828833291997171,0.00199201746439207
"b1752",126.851777398782,1.82676552761613,0.344980307507397,5.29527479645186,1.18837567283396e-07,5.12827019751948e-07
"b1753",114.179358845876,1.2003574241664,0.368297002377567,3.25921041012391,0.00111722774607407,0.00263001115363275
"b1754",301.729638021006,1.0623999574293,0.249582360401747,4.25671091386099,2.07456322826588e-05,6.67700850857652e-05
"b1755",243.617985926119,1.1328379552812,0.27390220236071,4.13592130883756,3.53533335056502e-05,0.000108280751430302
"b1762",176.35844471041,-1.99042566501883,0.341739355168178,-5.82439697072435,5.73191852466328e-09,2.9084687059356e-08
"b1763",2849.13824247282,0.749810702341271,0.187923044027834,3.98998806250826,6.60766207645148e-05,0.000193175069113075
"b1764",4464.2614192092,1.65853433807254,0.190796369197661,8.69269339373188,3.5394662679161e-18,4.63407898410497e-17
"b1765",1580.52971612286,2.46008192467787,0.189001244690792,13.0162207593002,9.89482365413758e-39,4.07513028551957e-37
"b1766",2240.21251594604,1.41572091330661,0.173754044252238,8.14784438197833,3.70468666248148e-16,4.01925340722415e-15
"b1767",625.192985977286,-0.69872873825621,0.224706924286429,-3.10951138010129,0.00187397065424834,0.00416852832476218
"b1768",475.257493469232,-0.609465732076675,0.245808897436331,-2.47942909485015,0.0131592890946342,0.0244832036576484
"b1769",124.3696170901,-2.09747240982419,0.367565079552455,-5.70639738785321,1.1539241781046e-08,5.69794948770998e-08
"b1771",92.3804962806816,-1.28373429363964,0.40261870100775,-3.18846166466304,0.00143031973990238,0.0032708443863428
"b1777",924.285984883758,1.07414101804402,0.260464929581586,4.12393722168098,3.72450447463993e-05,0.000113419583499085
"b1778",1773.66212643856,1.41218569857509,0.244700222486413,5.77108465299212,7.87628918171113e-09,3.95867520246666e-08
"b1779",32013.7769195876,1.55636648123285,0.180849994124657,8.60584203370265,7.57585382843131e-18,9.65068226432601e-17
"b1780",588.000981279308,1.61929022839318,0.211488466025796,7.65663612215935,1.90866435698777e-14,1.8113096649535e-13
"b1781",1379.21113959778,1.96343310183981,0.227004190491638,8.64932536085553,5.18047681129008e-18,6.72036166161851e-17
"b1782",1620.76771894647,-0.720876293569216,0.184217061110761,-3.91318963196242,9.10849490661273e-05,0.00026071683801519
"b1783",33454.7237385057,1.98541066937187,0.179137682386959,11.0831548277104,1.51440540406868e-28,4.22638666056536e-27
"b1784",8213.0692390712,1.92038655082715,0.175266527386575,10.9569498492514,6.15385979814949e-28,1.65219451036393e-26
"b1785",145.415308117327,-1.80366756729105,0.50996612629427,-3.53683798647102,0.000404947992877065,0.00103418987705268
"b1786",456.470485733364,-2.03336691033454,0.264217490203132,-7.69580737736656,1.40603491197586e-14,1.34941178656144e-13
"b1790",207.909798740076,1.02485268152956,0.279269447453816,3.66976298651159,0.000242775460812556,0.000642854871889428
"b1792",745.396683704495,1.66040308315552,0.213810823192817,7.76575787119133,8.11584623106476e-15,7.89619718169191e-14
"b1793",166.786201064505,1.14437087587675,0.300516997803901,3.80800714847914,0.000140091224396462,0.000387144608397258
"b1794",1087.86775418623,0.698294763599169,0.197781876762903,3.53063068784745,0.000414570154906442,0.00105622017844632
"b1795",1777.73200605415,1.0749084787439,0.224280393370098,4.79269927518867,1.64552189834388e-06,6.25475259209208e-06
"b1796",23.9368248207461,-2.36965885720783,0.768317522575594,-3.08421816186637,0.00204087877741942,0.00451612299103453
"b1797",22.7726436728623,-3.35740004958932,0.94370872810135,-3.5576655694857,0.000374165260480782,0.00095788113153861
"b1798",213.690382560253,-2.07002137916906,0.354101831855791,-5.84583640338828,5.040292186365e-09,2.5760143921157e-08
"b1799",1051.24025707466,1.05553169811332,0.288575013921063,3.65773766678931,0.000254451279844069,0.00067084047799785
"b1800",582.67082612134,1.60044133576307,0.288595194611576,5.54562711245808,2.92902453687155e-08,1.37443828378419e-07
"b1801",74.5633269914103,-1.10435579174957,0.449267631643695,-2.45812454306837,0.0139664730022889,0.0258362678595189
"b1804",1243.23648902538,-0.994186107564736,0.201813393173161,-4.92626426786105,8.38166213192059e-07,3.29518172044552e-06
"b1805",4216.83283017004,-0.656757766477937,0.282139748932907,-2.32777468953555,0.0199240707314117,0.0354968114416835
"b1806",2908.61066005049,1.92464667740898,0.235389788529206,8.17642383484353,2.9239220477964e-16,3.20498122138303e-15
"b1810",1019.46143634664,0.526719836524691,0.199447533727874,2.64089420751297,0.00826875347945493,0.0161417635802337
"b1811",424.595973923001,0.69847044791026,0.270380464218365,2.58328740550634,0.00978637602766905,0.0187336674681282
"b1814",12310.5321539132,0.574879259388107,0.188650619594848,3.04732240277151,0.00230889918992052,0.00504863420806333
"b1815",598.483220810126,0.544058639422315,0.242988471639913,2.23903066573693,0.0251539209267493,0.04358779925297
"b1816",3338.54889092346,1.28905520921259,0.192600485165061,6.69289699923577,2.18795149391954e-11,1.47791245815393e-10
"b4751",223.117938498707,0.999295782379372,0.315861010910414,3.16371995232674,0.00155766600387702,0.00352406356717137
"b1818",4717.48123061935,0.74768965496685,0.243892656137595,3.06565054810437,0.00217197002181732,0.00477630732636032
"b1819",6410.36581759418,0.793402513313969,0.236873561280755,3.34947686446774,0.000809643169631977,0.00194920903835349
"b1821",130.352078372964,-2.41715005566218,0.377422030475227,-6.4043692749431,1.50992259982816e-10,9.35049878608916e-10
"b1822",774.199477013907,-1.07270331360082,0.21612700358638,-4.96330072503915,6.93051456509313e-07,2.74759278365655e-06
"b1823",13731.9177384041,1.22927484512684,0.243995480871949,5.03810497118174,4.70163582935354e-07,1.90127160992542e-06
"b1824",9287.08468862199,1.0660408130176,0.259424680585075,4.10924978538424,3.96946543592883e-05,0.000120360774690566
"b1825",977.248590974516,-0.48065613090467,0.200277627292751,-2.3999491975311,0.0163973473827693,0.0298018627239535
"b4536",507.980333141861,-1.80069572969735,0.225802424950684,-7.97465186696126,1.52810939538564e-15,1.58103415981119e-14
"b1827",2076.89000132107,1.7525127668548,0.181773942354531,9.6411660777908,5.35758759155247e-22,9.31429777187114e-21
"b1829",6398.81468101388,0.793812974835633,0.189396351699838,4.19127912291414,2.77386150505639e-05,8.68392657154924e-05
"b1831",5439.36818155186,-0.636507946807455,0.167840422153744,-3.79234000153076,0.000149234399954745,0.000411340041980524
"b1833",988.634574087118,0.835093986498953,0.221441424984904,3.77117328682238,0.000162481788629721,0.000444067473529299
"b1834",1979.54335283314,0.694875190579503,0.226902103788543,3.06244490014548,0.00219536888715552,0.00482026646962408
"b1836",3516.36639514696,2.53663599157023,0.208701071372919,12.1543985130657,5.43603996934296e-34,2.0051896999959e-32
"b1837",285.504436886978,1.35506059942439,0.280283795234994,4.83460200861161,1.33412279157219e-06,5.12158269850608e-06
"b1841",912.141633251005,0.562850811829631,0.200129543299985,2.81243240027757,0.00491683572468814,0.0100419918845099
"b1842",187.017075131867,-1.33165506481626,0.316337900640859,-4.20959695982841,2.5582663854632e-05,8.06852491236794e-05
"b1846",1717.96366014783,-2.02256336761268,0.284909758490395,-7.09896136351844,1.25697940865373e-12,9.76576309800207e-12
"b1847",5696.22439562624,-0.915253932201388,0.171628984983252,-5.33274686843078,9.67381206201713e-08,4.20885238636684e-07
"b1848",4334.51633043711,-1.60648652149558,0.177039008301298,-9.07419521217349,1.14520664559161e-19,1.71659596840976e-18
"b1849",503.689726588055,1.39316400103584,0.277336729944222,5.02336636519813,5.07735573355551e-07,2.04153014424099e-06
"b1852",2089.48677191471,1.09898223246186,0.212825785747664,5.16376447807346,2.42032198990526e-07,1.01352476615776e-06
"b1853",1151.5082792279,1.80846932431164,0.206354618888896,8.76389069481089,1.88624730554816e-18,2.52412021139915e-17
"b1854",6605.65314839238,1.01449682920739,0.193458457792973,5.24400349708692,1.57129219121522e-07,6.71240833346925e-07
"b1856",2885.50348694948,0.959715511773075,0.194180574165338,4.94238682678893,7.71719041373859e-07,3.05376135588424e-06
"b1857",3118.88810982345,2.6946662612434,0.203156302329079,13.2640052528544,3.74355365320296e-40,1.5880154596887e-38
"b1858",1697.04438095514,2.33153912210518,0.196259841970634,11.8798583484748,1.50622386253765e-32,5.15274324587478e-31
"b1859",1077.80912527153,1.40499648498791,0.194909665530481,7.20844952026349,5.65925432366413e-13,4.55532387874445e-12
"b1860",1926.00852168878,-0.786260805861991,0.181402261809683,-4.33434951702471,1.4619174939711e-05,4.83732762045663e-05
"b1861",1435.57467519374,-0.781267700665351,0.185490248049669,-4.21190714272025,2.53223642736086e-05,7.99832235656349e-05
"b1864",2373.65677224584,0.801823060460481,0.194495429049132,4.12258048623822,3.74651641292742e-05,0.000114008053254219
"b1865",1375.7364926902,0.847960756241872,0.198580508421365,4.27011071218831,1.95375959153498e-05,6.34597870389846e-05
"b1866",6657.94335416745,0.66247544119001,0.17212757980715,3.84874662115298,0.000118723731317325,0.000332646016015914
"b1869",754.359097052005,0.843135846572899,0.227207823707109,3.71085745559438,0.000206558397940952,0.000553868978549631
"b1873",64.413582709839,-1.2947237545543,0.523536036732095,-2.47303655090478,0.0133970440324595,0.0248877623110357
"b1874",2970.61843896128,1.61633405185017,0.219282971407428,7.37099666917146,1.69357076510825e-13,1.43970484681146e-12
"b1875",380.45713727544,1.08574161906475,0.266759158352145,4.07011937573845,4.6989053754789e-05,0.000140371525371701
"b1877",55.7209295608341,-2.38802359062716,0.571663476612756,-4.17732405221473,2.94958665164571e-05,9.17312798847587e-05
"b1878",25.4604753835494,-2.73375386719984,0.990603600312425,-2.75968497019155,0.00578571236988893,0.0116207347883849
"b1881",126.712447429523,-1.0172494044437,0.436573426558153,-2.33007632293029,0.0198021175833691,0.035295333972639
"b1883",72.6772711431435,-2.15540276742887,0.460943715105429,-4.67606498753513,2.92431968203705e-06,1.06663491755814e-05
"b1884",75.5970783917194,-2.22445249334798,0.47343951038216,-4.69849356584626,2.62087444559214e-06,9.65920886029701e-06
"b1885",181.986998411545,-3.16075495070432,0.406219276156241,-7.78090833259382,7.20056576297664e-15,7.03797234252233e-14
"b1886",236.632676690434,-3.93911188774151,0.47464956188657,-8.29898983175057,1.05000354843213e-16,1.2070772499862e-15
"b1887",97.509385778449,-1.35244368367747,0.447492879309223,-3.02226861300047,0.00250887808765572,0.00544103315329017
"b1888",227.906364664876,-2.77106212934404,0.332398561632743,-8.33656474243623,7.64799491098492e-17,8.96209790397736e-16
"b1889",163.502757907827,-3.86613976156362,0.489096494678435,-7.90465645047299,2.68673545450065e-15,2.72007918806485e-14
"b1890",255.519452671248,-4.52132202884857,0.438699326385615,-10.3061977917749,6.60635046576005e-25,1.49861704148418e-23
"b1891",294.608050356574,-1.00536963301454,0.288257589542924,-3.48774731173151,0.000487108199798946,0.0012255711646187
"b1892",190.146309521211,-2.02646139823706,0.346434724229884,-5.84947540331539,4.93125795123816e-09,2.52637635617781e-08
"b1895",361.871659977632,1.94858167452755,0.259389001294943,7.51219853116239,5.81425227068942e-14,5.30409852306764e-13
"b1896",4370.73007313728,1.90814410278484,0.186534008740395,10.2294703023322,1.46317478410165e-24,3.21595203842446e-23
"b1897",3343.38976598988,1.84196180895582,0.22295316072776,8.26165371660718,1.43667981456372e-16,1.6426942785389e-15
"b1900",728.273828011015,-0.844253959829746,0.26656016892079,-3.16721722997039,0.00153905305206831,0.00348567167478579
"b1901",1480.72484590863,-0.541273611235507,0.246161755781079,-2.1988533901947,0.0278883487331409,0.0476833435413073
"b1902",672.438029528619,0.805885101676713,0.269490863038964,2.99039860791196,0.00278613608192288,0.00598722860157895
"b4537",171.17985974918,-1.79116032184169,0.317336027761332,-5.64436485348842,1.6579215339121e-08,8.00102747082497e-08
"b1904",43.3937299048181,-1.63186217289014,0.552654122217146,-2.9527730044669,0.00314933453771873,0.00668977321432291
"b1905",596.09638953301,-1.22890476803377,0.221305122282018,-5.55298835996995,2.80826782165155e-08,1.32069535470575e-07
"b1906",124.600051715676,0.880627458300574,0.333396549631519,2.64138143983155,0.00825687004634875,0.016125986526985
"b1907",444.968480038257,-1.0209970740542,0.310085327544823,-3.29263265094866,0.00099254064104073,0.00235478601750267
"b1908",2422.37375831561,1.41969610377923,0.193833204012648,7.32431840566695,2.40115963931028e-13,2.00506283266815e-12
"b1912",2352.18284698276,1.42520096794738,0.220052970488345,6.47662680846592,9.3795792764783e-11,5.92085941827693e-10
"b1913",2497.27277422673,0.612011162016004,0.200988497931874,3.04500589990701,0.00232675745483455,0.00508244342091049
"b1915",99.9988331103458,-2.59477316273821,0.415394952309697,-6.24652068666372,4.19696456513895e-10,2.46245140875788e-09
"b1916",380.996213367015,-0.581947865155606,0.251094539045492,-2.31764445124062,0.0204686522730089,0.0363465667895094
"b1919",1633.47981082887,0.484407111169688,0.203152026577854,2.384456209124,0.0171043835580437,0.0309278751292504
"b1920",2011.7098332783,0.901529380126051,0.225048582572192,4.00593227392069,6.17733485140586e-05,0.000181093672699818
"b1921",65.3485757330543,-1.93425703485817,0.500257568618016,-3.86652228011591,0.000110398382434955,0.000310962774428338
"b1922",110.85269787879,-2.94497974234177,0.529759036708915,-5.55909298053172,2.71180209701621e-08,1.27958448226282e-07
"b1923",3006.41774129164,-1.86170262509825,0.307038118210631,-6.06342507551817,1.33252871617419e-09,7.24690617180889e-09
"b1924",157.576335919118,-3.18604160187843,0.539574523169247,-5.90472949531583,3.53225844519327e-09,1.84076662463266e-08
"b1925",31.0931470295901,-1.4400090125677,0.634818858832986,-2.26837780971871,0.0233061890820859,0.0407716397733809
"b1926",25.202716794019,-2.34733089193842,0.739736099671742,-3.17320040617194,0.00150768415022998,0.00342010490121689
"b1927",5263.68681292372,0.764630284550664,0.222390315533002,3.4382355307068,0.000585518173821682,0.00145164704462395
"b1928",1139.25469583124,0.531518302077441,0.19692078413068,2.69914780414807,0.00695172940825962,0.0137671503967494
"b1931",138.207902296629,0.850479838028065,0.362627210643017,2.34532824086747,0.0190103352809974,0.0340548320363138
"b1938",55.9160686367079,-1.53893219051686,0.669287080305779,-2.2993603728519,0.0214844841939341,0.0379738258127786
"b1944",39.3550295404849,-1.85527051290297,0.725775802411954,-2.55625842958306,0.0105804507310467,0.020090542525112
"b1947",11.6977707439124,-3.10584261667264,1.29050088048904,-2.40669546501639,0.0160975870525994,0.0293373921941445
"b1949",11.0090748433075,-4.17148748373123,1.4452266072346,-2.88638990096733,0.00389689063368595,0.00817537589915716
"b1950",130.387140746389,-3.09097258486624,0.484807524736108,-6.37566957433,1.82165301131333e-10,1.11829986599004e-09
"b1951",114.662658725734,-2.49050036736382,0.4908902724585,-5.07343597356448,3.9069597074904e-07,1.59512252927568e-06
"b1953",5128.19256876184,3.21291936524975,0.171036848133145,18.7849542383325,1.0027264330355e-78,1.25104868498135e-76
"b1955",3551.39407472271,2.54244498491164,0.178734742533177,14.2246826155789,6.43958428443908e-46,3.17636238774309e-44
"b1956",1572.81516645452,0.542691988533984,0.18890201931058,2.87287552835381,0.00406754340081048,0.00849976310652122
"b1957",419.806102250839,1.02582474170016,0.273574482560203,3.74970915452401,0.00017703978400673,0.000480488012640145
"b1958",863.224861055227,1.22506826551838,0.232690072670196,5.26480675114462,1.403368967262e-07,6.01322339305596e-07
"b1961",1028.28393029228,0.757175926887303,0.193897061718782,3.90504074778334,9.42095096596064e-05,0.000268032689454091
"b1967",9698.46334010735,2.97045018663807,0.17506449545773,16.9677476799132,1.42285564464339e-64,1.16072185472639e-62
"b1971",854.573021337206,0.854866848920099,0.215656363165576,3.964023302497,7.36970539404886e-05,0.000213248910515384
"b1973",149.243158689972,1.78408538913213,0.462528100553259,3.85724756398168,0.000114671006712881,0.000321715879944472
"b1974",106.582142240174,-1.01580632184145,0.416822640432325,-2.43702290448489,0.0148087413309141,0.0272021366203171
"b1976",3281.19771559246,0.930967813492342,0.290531945877754,3.2043561016318,0.00135364937608342,0.0031089229308857
"b1982",1415.11549010666,0.937069236994932,0.202432501621779,4.62904538296787,3.67355261516282e-06,1.3095134616404e-05
"b1983",435.607328609748,-0.790456849386387,0.233625145732732,-3.38344079746737,0.00071583638942049,0.00174315612165426
"b1985",323.128968924722,0.882904163632778,0.247038124425587,3.57395914369779,0.000351623819469919,0.000905639491312323
"b1987",408.341635096169,-2.27400399459675,0.391847206183812,-5.80329260668515,6.50251691900443e-09,3.28768495475766e-08
"b1988",141.652942974115,-0.919190941523859,0.380814643784638,-2.41374893672337,0.0157893379276927,0.0288451212270768
"b1990",2833.03083352775,1.64791437377048,0.173330919466616,9.50733071076721,1.95617505015522e-21,3.25415473049351e-20
"b2000",1476.14474816131,1.74282108952169,0.220095225318064,7.91848658689937,2.40418873124072e-15,2.44569990357869e-14
"b2007",2238.29317399004,1.14501611044033,0.199739536066367,5.73254615981423,9.89340977390028e-09,4.90851979659474e-08
"b2008",1718.06622293214,-0.587546920151571,0.238462058090934,-2.46390107028062,0.013743403896879,0.0254583053845243
"b2011",1560.8990769127,1.89839086270529,0.195991088977771,9.68610803994567,3.45442149986982e-22,6.11777303971246e-21
"b2012",875.373277400356,3.76993480090306,0.212983084208111,17.7006301459104,4.14641666551797e-70,3.74236159470792e-68
"b2013",1185.71607338349,2.83150999284646,0.238898479377587,11.8523567007355,2.09222717062786e-32,7.10018212624272e-31
"b2014",1470.20423208748,-2.70595386912045,0.31590478046661,-8.56572624549587,1.07396766588179e-17,1.34388520314765e-16
"b4678",96.7454188470424,-3.66562565134826,0.549060073518455,-6.67618322319161,2.45245330746184e-11,1.64870157373267e-10
"b2015",1523.09843459452,1.10268603597351,0.345130678448282,3.19498121966792,0.0013983993994783,0.00319957403052154
"b2016",4728.13692519779,1.46791334846187,0.197529416330151,7.43136579722588,1.07482017143266e-13,9.60893277332971e-13
"b4539",384.853118775493,0.984319225202975,0.304782802953716,3.22957599859219,0.00123973926606224,0.00288005146037021
"b2017",452.657283820871,0.870640164094552,0.334455279567569,2.60315868004906,0.00923691907290747,0.0177781355296159
"b2019",723.475041624235,2.13994774771029,0.208421724449886,10.2673929666331,9.88395591431076e-25,2.20672320992138e-23
"b2020",897.004811261032,2.21735234198165,0.237014597370895,9.35534083798139,8.33306048758054e-21,1.34919246520293e-19
"b2021",747.021100065053,2.26741711122576,0.252541537921044,8.97839274240367,2.74750793227066e-19,3.9777913476765e-18
"b2022",718.856046280005,1.8824939994296,0.227598505959748,8.27111756068614,1.32709111243355e-16,1.52149202674139e-15
"b2023",433.458763920367,2.05883909579997,0.261737063646604,7.86605865869957,3.65988981527593e-15,3.65300061091777e-14
"b2024",458.736235119378,2.03180939735772,0.243924631747303,8.32966061198197,8.10744373377651e-17,9.47431854509089e-16
"b2025",518.102558144113,1.7423704046848,0.249258969012302,6.99020144225506,2.74491832953763e-12,2.05723384344498e-11
"b2026",663.587853563685,1.13035783385018,0.238756289176033,4.73435836078345,2.1974916513004e-06,8.16266163293897e-06
"b2029",6530.29594441592,0.72053196841897,0.193427235827378,3.72508021084476,0.000195253127276117,0.000526885347267996
"b4571",1419.18988506674,1.03030241489539,0.201343794496467,5.11713021735798,3.1021945664948e-07,1.28385457083619e-06
"b2032",1533.08521972714,1.06342184298494,0.212199290133861,5.01142978524624,5.40270970023069e-07,2.16823978698e-06
"b2033",738.153023302275,0.974669284503285,0.219601904902061,4.43834621989264,9.06527175877812e-06,3.10621024238585e-05
"b2034",1417.11597307047,1.16351451931236,0.230754348374559,5.04222142511371,4.60158372510394e-07,1.86258761086746e-06
"b2035",1247.40266666203,1.23513647334104,0.226742132428747,5.44731788534794,5.11350271805299e-08,2.3125243635374e-07
"b2036",1775.10252041828,1.20689207685689,0.198236153388978,6.08815322646384,1.14220531133672e-09,6.27621105011705e-09
"b2037",1289.00441242517,0.807554420076149,0.192208843956166,4.20144257389278,2.6521952769245e-05,8.32145884964035e-05
"b2038",553.268274247569,0.810745122495554,0.23038318604856,3.51911585390031,0.00043298758248559,0.0010985247158516
"b2041",1783.58943128992,-0.436548157864327,0.181733972830765,-2.40212741219744,0.0163000299655509,0.0296503975616924
"b2049",75.2142959188359,-1.26376676422338,0.441813377563225,-2.86040855347919,0.00423095554638769,0.00879789873910618
"b2051",34.5758778884727,-1.87642469744629,0.663342287872357,-2.82874276486254,0.00467312434889596,0.00963704107341597
"b2052",86.371894973732,-2.5238294423232,0.602379403523171,-4.18976715930514,2.79240840768651e-05,8.72910572248061e-05
"b2053",103.879418451121,-2.47049331726729,0.566565730793275,-4.36047078563724,1.29782909521708e-05,4.34179102674356e-05
"b2054",27.2143380553528,-4.45052721114232,1.06969009826313,-4.16057624387542,3.1744561605601e-05,9.82205910510282e-05
"b2055",43.0801564626398,-3.65006534939118,0.883339822174512,-4.13211909818107,3.59434087285587e-05,0.000109771014993914
"b2056",41.9775250266636,-2.26753064275015,0.684768903763888,-3.31138086190317,0.000928367614103169,0.00220995253592909
"b2057",57.9494922217653,-1.36823793224056,0.594782022923404,-2.3004022978293,0.0214254387735872,0.0378852485525456
"b2060",121.355067030035,-2.94936052909104,0.541954363220438,-5.44208281960338,5.26611804303633e-08,2.37143022702336e-07
"b2061",13.7537613173607,-4.51709360000699,1.63537396445812,-2.7621166156352,0.00574279626635322,0.0115454700293224
"b2062",64.8752739336423,-3.01294278549991,0.669430291556126,-4.50075657391626,6.77120161308078e-06,2.35438010185973e-05
"b2063",1013.59991902478,1.07774406952689,0.1904404199293,5.65921914017514,1.52063284140331e-08,7.35521609262582e-08
"b2064",2154.8021943712,0.430266880357326,0.187393979840152,2.29605497852357,0.0216727380540777,0.0382746689531213
"b2066",508.380550525346,-1.17222421879967,0.295639142370263,-3.96505080281812,7.33803169293449e-05,0.000212767808895612
"b2067",1884.77829697543,0.944111277783846,0.1958325699448,4.82101255194663,1.42831368730531e-06,5.45847446986407e-06
"b2068",716.248426644729,2.11247372668238,0.206080439533953,10.2507240932701,1.17460271418302e-24,2.5951378716481e-23
"b2069",463.505851839275,-1.28528688881452,0.333077673850804,-3.85882029844559,0.000113935673659665,0.000319915486685954
"b2076",837.75528602389,0.734582608046514,0.202683387077567,3.62428622610984,0.000289760572118087,0.000755943632795158
"b2077",274.663132898781,0.713632466690955,0.288575095866174,2.47295236807926,0.0134002001693554,0.0248877623110357
"b2078",312.811665243781,0.746836688143497,0.265792241248221,2.80985135095059,0.00495643863277201,0.0101082753270283
"b2079",747.443012514306,1.58447007844257,0.200699944590478,7.89472105573141,2.90965256425447e-15,2.93176868825831e-14
"b2080",5684.02976702518,3.06431499365977,0.187748188813869,16.3214090799975,6.9512398485801e-60,4.91452657294613e-58
"b2082",99.671809348151,-1.05611122858874,0.392038497386937,-2.69389673623398,0.00706220409579874,0.0139728870216317
"b4498",2060.21587134013,1.2202764399322,0.253756604822997,4.80884602307545,1.51804076975143e-06,5.78574029226017e-06
"b2091",24187.0071487295,1.33625974245948,0.241910649931111,5.52377393405378,3.3179432621547e-08,1.54497423908455e-07
"b2093",17279.8530808129,1.52548970228094,0.231739796734019,6.58276965709015,4.61764258132489e-11,3.02751774806494e-10
"b2094",19051.3610225227,1.51425752966719,0.23694720825549,6.39069580441915,1.65132600046819e-10,1.01963972255984e-09
"b2095",106962.203755293,2.02834151429743,0.232567121723935,8.72153165616048,2.7446347930386e-18,3.61575800995954e-17
"b2096",116370.030125724,2.30912395621675,0.228222287503431,10.117872279157,4.60313315826012e-24,9.61896101346771e-23
"b2097",14799.7298085791,2.76413595122957,0.184151848379316,15.0100907243461,6.30613934062411e-51,3.51982145827993e-49
"b2102",253.451296160716,-0.937716672215115,0.267254833815716,-3.50869864101958,0.000450304825053161,0.00113905370773733
"b2104",678.390774083366,-0.957902605413547,0.205498808108665,-4.6613535826788,3.14136508797349e-06,1.13409963431349e-05
"b2106",107.177960382396,-1.75797442493902,0.521873512659064,-3.36858334883052,0.00075555548733611,0.00183251365196099
"b2107",359.341158529153,-0.930262936918852,0.246052785353783,-3.78074540217575,0.000156359510467893,0.000429583577334716
"b2108",28.1451365132439,-5.51358715314248,1.22262065359322,-4.50964666508645,6.49356885152629e-06,2.2615532896695e-05
"b2109",25.3811346625263,-1.72534486071978,0.723379502821812,-2.38511715356798,0.0170736831863199,0.0308855283907756
"b2113",5401.92612353438,1.64404506293862,0.194010808100736,8.47398698574042,2.37133936217484e-17,2.90728947235424e-16
"b2115",54.8448395896776,-4.24715972685116,0.738672233032717,-5.74972164503041,8.9390496014408e-09,4.4611115775661e-08
"b2118",274.518075275913,-0.827605446849295,0.256753739034811,-3.22334330927538,0.00126703597436209,0.00293382456508951
"b2119",33.929828031066,-3.39127744046935,0.72185485951179,-4.69800458607838,2.62715534419921e-06,9.67395223098353e-06
"b2124",1183.99821996515,0.661980679856105,0.193383285980098,3.42315353936138,0.000618991031940475,0.00152660462644854
"b2127",1017.61179296874,1.65626348141944,0.216238466334335,7.65943039412158,1.86759535588977e-14,1.77630930486197e-13
"b2129",336.205780727625,0.980242105717994,0.267975093774452,3.65795974510616,0.000254230963272834,0.000670676459081693
"b2130",576.94834532147,0.620970826447053,0.260667164859309,2.38223646918557,0.01720784355604,0.0310884464926413
"b2133",5917.54928680282,1.28521091513852,0.249015556196156,5.1611671767451,2.4541489376071e-07,1.02651292848454e-06
"b2134",769.844998303691,1.26047522496453,0.240928404389553,5.23174188679925,1.67920116029078e-07,7.13744621438226e-07
"b2135",5978.44667189848,4.45156970291247,0.178621227549624,24.921840276099,4.31439391010935e-137,1.30726135476313e-134
"b2136",810.193551702244,0.623239420036348,0.217036983830657,2.87158164952491,0.00408423257821037,0.00852204357932532
"b2137",920.545359907093,1.63837829268295,0.20058196745899,8.16812355287082,3.13223047341369e-16,3.42328004290741e-15
"b4679",429.621143539558,1.19660586336128,0.28107296289578,4.25727843415863,2.06930573813559e-05,6.66514422260531e-05
"b2140",244.603064404038,-1.74825408251243,0.316404892541559,-5.52536994124639,3.28792067561519e-08,1.53267686878677e-07
"b2141",91.7582964324438,1.55007867648021,0.44466709022298,3.48593073461524,0.000490427972439366,0.00123246176486243
"b2142",405.101932840582,1.98033655343444,0.240375688831185,8.23850599477727,1.74374327816732e-16,1.98309892385677e-15
"b2143",1252.29218425281,0.604252056962147,0.253833014246789,2.38051011116569,0.0172886865664899,0.0312079184744894
"b2146",784.082720272691,2.14783849230591,0.233075264842351,9.21521420884657,3.1065740079256e-20,4.89891707866929e-19
"b2147",877.521757667105,1.99654937958796,0.244439875169914,8.16785468492048,3.13921720106314e-16,3.42328004290741e-15
"b2150",7100.3899672072,0.825780752457937,0.321790913905375,2.56620282541838,0.0102818686624559,0.0195884200680244
"b2151",725.618202307255,-0.764117264691791,0.27130652024134,-2.81643531461047,0.00485598204694054,0.00995124436865785
"b2153",2234.05433678192,0.444765239017692,0.195696589949437,2.27272861081845,0.0230425394020198,0.0404077933622852
"b2154",2397.86561003356,1.98127674754382,0.1863575385723,10.6315889484404,2.124613932145e-26,5.20960248564108e-25
"b2155",737.282533381088,-1.7404521626941,0.430714206609723,-4.04085153446344,5.32574678094024e-05,0.000157874338537725
"b2156",2227.64758248823,0.85226060740898,0.223087210620576,3.82030240567442,0.000133288150711494,0.00037003163306162
"b2157",2427.89669985379,1.94260649142221,0.240051686169351,8.09245093180369,5.84759613733367e-16,6.23253839562046e-15
"b2159",1062.90057865181,0.721905271825911,0.224164743902664,3.22042288746072,0.00128001623736238,0.00295903481138485
"b2165",92.4471619466329,-1.56057284990515,0.42096885321197,-3.70709813326582,0.000209647721047847,0.000561088727246036
"b2166",42.2805912704093,-2.34589079339584,0.667007188012499,-3.51703974943052,0.000436388426182257,0.00110649115592656
"b2167",3069.01140523663,1.46357005139391,0.185037888224124,7.90956957756232,2.58280318498671e-15,2.62111270591235e-14
"b2168",1300.75435799248,1.73329336042314,0.217880653776554,7.95524214922132,1.78781492643298e-15,1.83629804308201e-14
"b2169",1488.04635099695,2.47648760254327,0.291556207357387,8.49403147677668,1.99590216680093e-17,2.46840145526808e-16
"b2170",244.0017769603,-1.44114546229509,0.292701516736626,-4.92360093778346,8.49660185558855e-07,3.33727639550061e-06
"b4502",128.70970492882,-0.996629678351686,0.354048403953961,-2.81495317369453,0.00487843416891036,0.0099924276892891
"b2171",624.087088567628,-1.6225747886805,0.218376626430166,-7.43016693317854,1.08460710510425e-13,9.6657633190173e-13
"b2173",694.874765671979,-2.76568416633988,0.241164325065029,-11.4680484586355,1.90916257036617e-30,5.78476258820949e-29
"b2174",358.584000182076,-3.63968689551804,0.302288631228764,-12.0404359261649,2.17801658053998e-33,7.7639885165131e-32
"b2175",2537.34062486696,-2.7740492674368,0.239334327011675,-11.5906869778086,4.5943275459142e-31,1.46534868043369e-29
"b2176",662.541497027355,-0.7440526245855,0.242833082880781,-3.0640496581382,0.00218362660906014,0.00479696741358525
"b2177",1328.34440662835,1.09837751399172,0.188141732486389,5.83803231466033,5.28209143126461e-09,2.69310478983467e-08
"b2183",1367.20874973411,-0.516655783364982,0.182703235900903,-2.82784144909843,0.00468630100014925,0.00964611630996896
"b2184",839.84037103419,1.46326687292895,0.212899756424507,6.8730321607851,6.28513890346943e-12,4.50364176157387e-11
"b2185",6242.9370214147,-0.885515430768857,0.274120238866371,-3.23039055573176,0.00123621223132102,0.00287343138918564
"b2186",1061.81984665177,-0.643983663705853,0.199426653270466,-3.22917550460255,0.00124147681175677,0.00288250937902148
"b2194",616.935765302793,1.05271463335374,0.253453641991931,4.15348000162988,3.27456842978829e-05,0.000100730379109223
"b2195",199.937017730496,1.41840785554234,0.329859021919216,4.30004262817986,1.70765258724772e-05,5.59803885247668e-05
"b2196",526.146958924708,0.739258411306084,0.227519943692928,3.2492026822221,0.00115728987240516,0.00271078058461773
"b2197",187.107414895899,0.989348739623589,0.30426394637129,3.25161344754366,0.00114751969908057,0.00269235540016581
"b2210",867.951774032912,-3.05563671630292,0.340947096968914,-8.96220188841062,3.18258482728584e-19,4.5764490974056e-18
"b2211",857.879982196249,-1.35160529349993,0.244752746340433,-5.52232942718424,3.34534509818652e-08,1.55432134791974e-07
"b2212",237.688204072626,1.3644547036198,0.276421137079236,4.9361446018098,7.96820375019762e-07,3.14361027817733e-06
"b2213",1220.81385241808,1.3597684855851,0.191471348674366,7.10168124369168,1.23248238778609e-12,9.59300970456626e-12
"b2215",232532.464991972,2.76251023963247,0.204170219499951,13.5304269466838,1.0342123493896e-41,4.52281318155743e-40
"b2216",4557.01759681737,0.60182375387265,0.180934657134821,3.32619390559437,0.000880406586496378,0.00210642117310639
"b2217",4421.77141732163,0.852265265509047,0.171611246236842,4.96625532532309,6.8258075775209e-07,2.70861325948023e-06
"b2219",1076.86092136843,1.20783124099289,0.31082475354479,3.88589141378935,0.000101955074736014,0.000289099884378456
"b2220",385.148851401842,0.612903804362569,0.25057701012842,2.44596982001045,0.0144463092594134,0.0266208704945403
"b2229",32.4493550922627,-2.50653545730616,0.744406441990712,-3.36715981474195,0.000759466623373228,0.00183865881423194
"b2230",202.260173681786,-0.893411621660977,0.31901898102694,-2.80049675660374,0.00510240202211822,0.0103611246423291
"b2231",12503.7005275942,0.353304472987676,0.160862467102558,2.1963139031209,0.0280694832848098,0.0479543890834326
"b2234",2675.12157817086,-1.59802264233841,0.207359464254769,-7.70653342533248,1.29281389184974e-14,1.24639012027877e-13
"b2236",258.735567017808,-1.26843581485245,0.293378155453334,-4.32355235478401,1.53536680496118e-05,5.06456142040848e-05
"b2237",2068.9001103852,-1.28338405644164,0.209992781691427,-6.11156272184396,9.86602113999178e-10,5.44943511404234e-09
"b2240",564.537035361353,-1.83144418069008,0.459145545637037,-3.98880964455195,6.64056811531424e-05,0.000194003374277982
"b2246",49.732209817596,1.18778717792389,0.493844736428348,2.4051834317692,0.0161643499390593,0.0294414651960023
"b2247",284.965444833962,1.60378680409414,0.291914827617937,5.49402309290437,3.92879082605922e-08,1.81348538456401e-07
"b2248",70.2878635231116,1.06505457469854,0.436219330833042,2.44155749050511,0.0146240596632626,0.0268992342434268
"b2249",1806.72699180033,1.18541029075949,0.184495693859143,6.42513798541289,1.31749951448787e-10,8.18277150872263e-10
"b2250",139.688448547085,-0.912325265263472,0.377047183659953,-2.41965808206718,0.0155351066863877,0.0284173879101581
"b2255",600.599391048637,-0.571580782786124,0.244811316583689,-2.33478088661285,0.0195548701828583,0.0349417688777106
"b2256",191.073002424199,-0.935254869253404,0.303842450754669,-3.0780915139753,0.00208330927584409,0.00459802182525006
"b2259",382.834607530949,1.58006345374991,0.277508666667627,5.69374453318376,1.24283001716755e-08,6.07383056777044e-08
"b2260",979.510161245904,0.535929857101933,0.216317907713478,2.47751035855892,0.0132302568347935,0.0246044495805322
"b2261",1790.40360560463,1.05503318893831,0.207315724647171,5.08901671946914,3.59924882533519e-07,1.47945867413487e-06
"b2262",1918.512491977,1.24111251329276,0.212634638683034,5.83683129418458,5.32029171825563e-09,2.70932502627136e-08
"b2266",13394.6560137972,1.50765917286129,0.19189359107485,7.85674583719272,3.94241683907902e-15,3.92575873975897e-14
"b2269",27.86684597016,-1.88072997270885,0.686550413234766,-2.73939092665833,0.00615531351888324,0.0122759003042326
"b2276",9190.14521032686,2.00027620921953,0.187169711356119,10.6869652932984,1.17141313106658e-26,2.94031627336357e-25
"b2277",5676.68297250654,1.61473754752386,0.193031052428918,8.36516988953613,6.00283683363972e-17,7.09304564019489e-16
"b2278",9917.96184396335,1.85444545578827,0.21017457278013,8.82335779851098,1.11077720181086e-18,1.52489219743743e-17
"b2279",736.071320866548,1.6631127013334,0.212162922247568,7.83884706957776,4.54701916909717e-15,4.51720264995555e-14
"b2280",3100.4462269732,2.07453681152496,0.207677957873596,9.98920074506721,1.69946465268007e-23,3.36875189563965e-22
"b2281",2518.83082996615,1.69211326754219,0.214898629992898,7.87400677053229,3.43460344136748e-15,3.43622353733039e-14
"b2282",5082.85492177532,1.93393416760172,0.211657656239515,9.1370858109345,6.41578635441342e-20,9.82518617885261e-19
"b2283",15195.1803771516,1.60010843791412,0.238989353479652,6.69531263471262,2.15211029419721e-11,1.45602103157649e-10
"b2284",7301.07737802127,1.23044062093055,0.252899292831812,4.8653383216411,1.14261183055257e-06,4.41837683245578e-06
"b2285",2539.05894374638,1.24541472773223,0.253300481246487,4.91674836780244,8.79935390773544e-07,3.43709569766241e-06
"b2286",8719.28069449449,0.808082341828032,0.247114162322321,3.27007701312569,0.00107518208052052,0.00253525424434022
"b2287",5292.72315422686,0.750972590759832,0.238670866599183,3.14647783141876,0.00165249788161715,0.00372075159969212
"b2288",4095.54094101527,0.568953619892283,0.245489680549689,2.31762744005495,0.0204695775719326,0.0363465667895094
"b2289",926.761761467433,0.492490246884683,0.223534113700702,2.20319949707585,0.0275806907493297,0.0472144028081746
"b2290",1606.7597581101,0.913914168711594,0.214060434881915,4.2694212464613,1.95980830382344e-05,6.36075503046599e-05
"b2291",515.927494587372,1.64603481567926,0.265199351858002,6.20678295081435,5.40802075000678e-10,3.13399235266787e-09
"b2292",2390.16972108691,1.60612328849468,0.249025166451929,6.44964246537196,1.12114326040836e-10,6.99395545684156e-10
"b2293",1508.11911019079,1.40375497599664,0.206266548027599,6.80553870426346,1.00671808223411e-11,7.02297021884763e-11
"b2294",875.261522556757,1.25784594797263,0.202999386769597,6.19630417603318,5.78043672085487e-10,3.32257622897918e-09
"b2295",2450.98712285493,1.91404145523013,0.177774926781324,10.7666558489687,4.94642524292738e-27,1.27943511466451e-25
"b2296",6439.97862294628,0.77217220941938,0.180938856234578,4.26758644046195,1.97599213632993e-05,6.40348253805316e-05
"b2297",6639.16594351545,0.77684839764369,0.198885697687641,3.90600433653989,9.38348283151567e-05,0.000267504933946838
"b2298",136.971647541806,-1.02165198574974,0.364724674558135,-2.80115949650919,0.00509193455278594,0.0103448210598266
"b2299",1174.48577646046,0.505961361017029,0.18953420741295,2.66949891485635,0.00759645185855542,0.0149740468327101
"b2300",1183.17147647601,0.542604037082391,0.192124486882125,2.82423154845065,0.00473941320902681,0.00973116690836966
"b2301",826.587578689974,0.86171818144746,0.242086927340832,3.55954033087567,0.000371504479853702,0.000952794439866629
"b2302",553.530737429653,0.575066869917645,0.215699090275289,2.66606071070447,0.00767458323011998,0.0151069986367373
"b2304",3449.72055455116,1.21409719640379,0.215581520458536,5.63173129970248,1.78409495817258e-08,8.59038684740985e-08
"b2305",113.62967931459,-0.811471931184842,0.348639858358212,-2.32753631499899,0.0199367385107409,0.0355044688339895
"b2309",1700.69658092207,0.75806956071313,0.273111156344269,2.77568141433794,0.0055086157471694,0.0111115301947183
"b2314",2120.6896831775,0.626818932652802,0.18053132673632,3.47207846961828,0.000516445356823292,0.00129113301994897
"b2317",837.346982934395,0.537759663779756,0.245639691720869,2.18922137547232,0.0285807537490184,0.0487885542870568
"b2318",807.935690155122,0.991275351909008,0.255831822716531,3.87471480828001,0.000106749643507382,0.000301486010491555
"b2319",1037.19413125511,0.730093292347476,0.207055316202341,3.52607846897302,0.00042176198430188,0.00107132595054406
"b2320",2071.92330349576,0.839809562875756,0.175946733461202,4.77308982301137,1.81420827725935e-06,6.82258112777852e-06
"b2321",663.130563520332,-0.686376615231245,0.221793079277606,-3.09467102159733,0.00197031305679877,0.0043713744701571
"b2322",294.516810831948,-1.9147250691769,0.264861621319995,-7.22915256515631,4.86017197777831e-13,3.93451326903351e-12
"b2323",8629.93773179542,1.61454306966948,0.188187822868144,8.5794237111757,9.53496336673627e-18,1.20378912505045e-16
"b2324",974.157043914538,0.422461558064509,0.190700324233637,2.21531641208397,0.026738354127362,0.0458835348738955
"b2329",1631.90703914106,0.655143161290328,0.185344337632844,3.53473523743751,0.000408183928532185,0.00104070402857465
"b2330",1120.16845885349,-0.524100362218705,0.192309186275802,-2.72530071167303,0.00642429462974183,0.0127763046504289
"b2331",1340.51692249719,1.23713491800049,0.19350499073954,6.39329721301962,1.6234625948866e-10,1.00389625765437e-09
"b2339",25.8577016626792,-5.43682369371758,1.3082698275376,-4.15573575059105,3.24242409224064e-05,0.000100031730903889
"b2340",3174.48636258723,0.450044396523563,0.170559457265362,2.63863642473586,0.00832402003766171,0.0162123475664651
"b2343",8037.70633656941,1.52135907423735,0.21144638054994,7.1950111904518,6.24556426498505e-13,4.99880822869181e-12
"b2344",7996.83978845177,-1.26534198637622,0.302213218179151,-4.18691807724349,2.82767829756356e-05,8.81986127813575e-05
"b2345",57.0108000254929,-1.26499340278731,0.575729552447624,-2.19720074713794,0.0280061122741159,0.0478654022025785
"b2347",494.598525939817,1.64288697966802,0.261470212033861,6.28326633037366,3.31532374925628e-10,1.96969234514638e-09
"b2349",263.897140861493,-2.50147480407144,0.337606776361357,-7.40943304228583,1.2684049603034e-13,1.11630162688942e-12
"b2350",236.069236483482,-1.91628669208105,0.280260228305398,-6.83752633639077,8.05722799472724e-12,5.70597014250967e-11
"b2351",390.591177509008,-0.970205544797795,0.286043740651133,-3.3918083387851,0.000694329905387406,0.00169370181636192
"b2352",299.578071477183,-1.07365629329002,0.279912961943074,-3.83567908337296,0.000125217825434106,0.000349226834642654
"b2366",881.502162964784,-2.2690326003444,1.00657914294116,-2.25420188393178,0.0241834703363392,0.0421645216468356
"b2367",27.9570983173664,-2.535441317361,0.735834263630296,-3.44566900819786,0.000569647627316269,0.00141560939371741
"b2369",681.681535567155,1.08392341458729,0.243695829258838,4.44785377691471,8.67325368271568e-06,2.9887849002502e-05
"b2372",19.6332460755859,-2.23121618231758,0.947559999436309,-2.35469646633975,0.0185378412435546,0.0333068382404399
"b2373",42.8280889322942,-1.44566156800861,0.590537434098837,-2.44804390802879,0.0143634150613988,0.0265141891603367
"b2374",29.6432092194533,-2.07674816959578,0.761694518624157,-2.72648433042027,0.00640129919368001,0.0127425204972269
"b2375",20.2926752154815,-3.1761702315134,0.984211811994713,-3.22712061855488,0.00125042737108648,0.00290170290380133
"b2377",634.547785574303,1.58528648645945,0.222842469658855,7.11393339378412,1.12781595273172e-12,8.81067269150633e-12
"b2378",4730.91656122251,1.76859266530147,0.197323176693033,8.96292414779431,3.16180072743078e-19,4.56202676386441e-18
"b4680",291.150278404775,-2.029151871248,0.282705645605983,-7.17761354534851,7.09387380112051e-13,5.65643095194609e-12
"b2380",1257.68846096676,1.48416306272096,0.196370348252791,7.55797948074304,4.09378605365698e-14,3.78340750318364e-13
"b2381",679.877792077971,1.42180323073213,0.208565081676719,6.81707225055038,9.29145428810018e-12,6.50401800167013e-11
"b2382",431.235764801246,1.21374900679777,0.253365037324976,4.79051498033238,1.66353802340564e-06,6.31192155213481e-06
"b2388",2138.3208537339,0.872892011551216,0.198574683886141,4.39578698789074,1.10372130936235e-05,3.7336409843023e-05
"b2389",777.02539840336,0.471727985453723,0.206105790744904,2.28876628720043,0.0220929352451294,0.0389357005857245
"b2390",4032.37931200706,2.00139188250237,0.305646174021775,6.54806783990623,5.8286243213424e-11,3.76905859316074e-10
"b2392",1640.59640752393,0.516533582808882,0.1864104654438,2.7709473369917,0.00558934659141452,0.0112690153235648
"b2393",1463.59182743994,-0.789970197533382,0.198976209179446,-3.97017412680201,7.18201245123795e-05,0.000208386435144674
"b2395",790.335395679396,-1.09340300144256,0.271656585377096,-4.02494568620441,5.69884670227372e-05,0.000168229002860439
"b2399",424.831651407601,-0.895425718594609,0.241169831856988,-3.71284298579099,0.000204944042168024,0.000550242327701195
"b2408",63.2671394734489,-1.13799010981236,0.508398320866406,-2.23838290392662,0.0251960959312594,0.0436430538752153
"b2410",1497.95741731091,2.28036141872156,0.229204951753529,9.94900590617998,2.54714826105266e-23,4.91136496517518e-22
"b4546",198.496647165237,1.22685043857458,0.306563927020728,4.00193998849586,6.2825235301893e-05,0.000183923152622933
"b2414",11623.3889433925,3.23082240634017,0.299029435722809,10.8043624485686,3.28229179808099e-27,8.54201337880954e-26
"b2415",5879.23957689479,1.39865628318476,0.170886232721414,8.18472185213953,2.72933300878227e-16,3.00722873331283e-15
"b2416",22920.9876363282,1.40551970613302,0.174736519327735,8.04365173084872,8.72001187004554e-16,9.11090895387517e-15
"b2417",18424.1085738371,1.35715975305431,0.181333384896002,7.48433474526862,7.191045430145e-14,6.49030100312236e-13
"b2421",1644.55057176502,2.21161777547587,0.19891122986123,11.1186169680756,1.01838398353326e-28,2.86091712460137e-27
"b2422",4672.38424449147,5.09282955593046,0.202752357406038,25.1184727077249,3.12526393308216e-139,1.0197976618565e-136
"b2423",2335.08158556596,5.24784159999323,0.278666369083925,18.8319875744057,4.12966370796089e-79,5.308494984597e-77
"b2424",1754.23522798534,5.35291691764041,0.279375489030213,19.1602954726695,7.94211137549985e-82,1.12301454849568e-79
"b2425",4043.79542938291,5.47232155474276,0.352704170796934,15.51532986519,2.73227028661882e-54,1.63243528955451e-52
"b2426",9938.60797161606,1.02066067347729,0.262879959614179,3.88261119248223,0.00010334073540184,0.000292833266248901
"b2431",4103.9277536339,0.750896057590166,0.183477486589479,4.09257872204374,4.26602346021829e-05,0.000128617423725984
"b2432",689.562627068776,-0.74572929768235,0.218612803461329,-3.41118766090141,0.000646805583083762,0.00158781787236187
"b2437",391.208549324271,1.41729926007397,0.270429642389342,5.24091681500456,1.597807369173e-07,6.79829374125562e-07
"b2438",344.906293722283,1.98893424329805,0.26642998886968,7.46512902596302,8.32180272070032e-14,7.49492295991736e-13
"b2439",332.293034556187,1.65851147538113,0.287472258070432,5.76929226671599,7.96051396560021e-09,3.99627221799717e-08
"b2440",594.940015644563,1.8484917441406,0.25457257369697,7.26115825163849,3.8378960668349e-13,3.1368699644535e-12
"b2442",823.437171888288,0.815254374726382,0.237095458495809,3.43850691994926,0.00058493158756506,0.00145104081546841
"b2449",243.928970435425,2.31101263261809,0.312029579871753,7.4063895915507,1.29784196634834e-13,1.13280774099787e-12
"b2453",90.7046707929218,0.960843786366583,0.39810363143518,2.41355192592115,0.0157978766639164,0.028848296516717
"b2464",8135.2299011888,2.94353997048963,0.18077950306628,16.2824873426631,1.31416962940467e-59,9.1388648654666e-58
"b2465",19930.0540258706,3.24612651088448,0.177834606691951,18.2536266212093,1.93618643269452e-74,2.10597508910004e-72
"b2466",2471.73111370783,1.28433638320526,0.212698548198288,6.03829407433442,1.55752026396844e-09,8.40585363836403e-09
"b2467",642.624607118849,0.935400260712543,0.225134722483158,4.15484670865249,3.25505694998243e-05,0.000100202841667819
"b2468",422.274681343862,-0.655027011371727,0.251568708840721,-2.60376981855265,0.00922046588412287,0.0177557307970852
"b2469",748.871560368617,0.503225813572873,0.22537545919685,2.23283322579208,0.0255599443246881,0.0442010940991957
"b4606",910.390784308148,-1.41299539006157,0.215541353389411,-6.55556517504444,5.54315324028035e-11,3.59542141364973e-10
"b2471",232.687944236969,-0.808689310634585,0.304995242401737,-2.65148172235876,0.00801394503874317,0.0157166689109332
"b2472",1181.60067537986,-0.533743859271248,0.197462239440268,-2.70301735047781,0.00687131594768663,0.0136333593311911
"b4547",769.914322622181,1.0497555376173,0.237563488388966,4.41884207348614,9.92311228871578e-06,3.38383179153702e-05
"b2473",1337.01400417082,1.20118785337137,0.194547642649747,6.17426064387697,6.64738019063359e-10,3.77485766648831e-09
"b2475",2240.73115101436,1.43670526691597,0.183789762747066,7.8171125825609,5.40487610451839e-15,5.33197312450396e-14
"b2476",1155.06222048801,1.41876665121835,0.20129502139032,7.04819543682256,1.81252951407038e-12,1.38536039615974e-11
"b2479",1037.4488750606,0.895851635169979,0.222611312426518,4.02428621171573,5.71483817505542e-05,0.000168466598600313
"b2484",47.7851570830722,-1.28997160148295,0.521589574266105,-2.47315449757214,0.0133926231449714,0.0248877623110357
"b2492",184.999360080911,-1.25809690851289,0.33060006023134,-3.80549509770969,0.000141520817522072,0.000390840695266035
"b2494",1546.15667227716,0.67212547044704,0.178943243214626,3.75608186357105,0.000172594257207578,0.000469323614791375
"b2497",488.077983801522,-3.13101798988869,0.275549882170291,-11.3627992334023,6.40585763291626e-30,1.88705889436325e-28
"b2498",1547.9636580057,-0.9982559854621,0.204910136378505,-4.87167693655793,1.10655002740755e-06,4.28674448973774e-06
"b2499",1107.20507350069,-0.614789113032872,0.231392754483641,-2.65690736256971,0.00788611099241346,0.0154874457545453
"b2501",4091.9490186208,1.38357837926407,0.206622205559942,6.69617467064879,2.13945980132826e-11,1.45387315417744e-10
"b2502",2547.60798164638,1.10140941253027,0.196255959178508,5.61210684832485,1.99877950503218e-08,9.59142834880825e-08
"b2503",191.758829501397,-1.51577831851243,0.319441534728662,-4.74508839246577,2.08415304648424e-06,7.76887277960119e-06
"b2504",497.436943452759,1.80684229385126,0.260007613992059,6.94918993374726,3.67389647180507e-12,2.6963094867469e-11
"b2505",45.9696370976695,-4.0094904644678,0.745250088777191,-5.38006036476505,7.44608665378086e-08,3.28339912529505e-07
"b2507",6360.316482026,1.35014028303639,0.170166177439072,7.93424582578878,2.11778257899072e-15,2.16995983093687e-14
"b2509",3227.09309967689,1.18249015762018,0.20530500434606,5.7596752762392,8.4275906633392e-09,4.2257493609793e-08
"b2512",7529.93854513271,0.63207618324703,0.174574566584633,3.62066591722341,0.000293845742560832,0.000766130079866656
"b2513",2793.80771134832,0.493467353849434,0.174504538478829,2.8278195979946,0.00468662086630034,0.00964611630996896
"b2514",6915.43634487304,0.600612789200546,0.186735178526585,3.2163880096917,0.00129815188469338,0.00299280450808114
"b2515",7289.07204165804,1.13755520004835,0.172331446325707,6.60097285958109,4.08468336003835e-11,2.69056316976439e-10
"b2516",6065.53162183967,0.648023730089064,0.179187998019437,3.61644606364078,0.00029867551621001,0.000777289288198074
"b2517",3684.31906146883,-1.79499566175731,0.190366363196642,-9.42916401624557,4.13370332210469e-21,6.77033571133903e-20
"b2518",1938.74113145019,-1.80248970546925,0.21965842871177,-8.20587544052056,2.28916653782914e-16,2.55543275091348e-15
"b2519",737.577469596444,-0.736934794270478,0.217903498253237,-3.38193191104279,0.000719779829042319,0.00175175331887408
"b2520",11220.903547891,1.13885007525273,0.184882993087238,6.15984226691611,7.28174365357101e-10,4.11307011697047e-09
"b2521",6525.27472689136,1.97580081640668,0.262724399034891,7.52043138613968,5.45957997754718e-14,4.99127979843861e-13
"b4812",645.282120306473,-1.52966893467364,0.233433656567107,-6.55290653956702,5.6427835271748e-11,3.65445614080542e-10
"b2523",2829.7943028011,0.5808940690405,0.173703721062346,3.3441659481319,0.000825303543129327,0.00198465852038243
"b2527",708.880241464579,-0.667687926573752,0.257253805572644,-2.59544431262149,0.00944687099361382,0.0181492874795787
"b2532",5297.86078425009,1.65657283901607,0.186575412613549,8.87883786942123,6.75625001355991e-19,9.45875001898387e-18
"b2533",1723.61947057604,-3.18429443118954,0.231225957195857,-13.7713536568575,3.79043641306068e-43,1.78655902935594e-41
"b2534",153.970411001542,-2.03124052263282,0.404180128151433,-5.02558236082251,5.01907102668044e-07,2.02000942079492e-06
"b2535",10711.9992514108,2.04825045566887,0.212993071751426,9.61651211856922,6.81012696903418e-22,1.16957727136206e-20
"b2553",958.019598249603,0.874798219582696,0.199378106500907,4.38763430416427,1.14590234476192e-05,3.86400456794918e-05
"b2555",424.467731427766,-0.940288899741628,0.255434497977734,-3.68113511364307,0.000232197910679465,0.000617544537368206
"b2556",895.269715822995,-0.891622658577915,0.193697656763569,-4.60316698444239,4.16114327488047e-06,1.47219097348148e-05
"b2557",7326.40591540662,1.91098857907457,0.169431606689669,11.2788199109435,1.6697072814135e-29,4.75362301191681e-28
"b2558",468.577802580641,-1.8797624969091,0.321060280775251,-5.85485844704964,4.77416467725696e-09,2.4488520629896e-08
"b2559",460.830159035655,-0.863245393021667,0.249848924284302,-3.45506948046486,0.000550151028187909,0.00137037032388321
"b2560",878.124045563096,0.678705232573869,0.236319936774761,2.87197619395418,0.00407913694794188,0.00851979268004404
"b2561",256.068921714365,-1.22137830156782,0.273541134504022,-4.46506264508406,8.00453273077339e-06,2.76508370064664e-05
"b2562",150.766714101739,-3.20767249194961,0.439032454013797,-7.30623092353169,2.74739853040334e-13,2.27182545145633e-12
"b2564",1147.11360494772,0.414996874263432,0.185902834383752,2.23233215157317,0.0255930184144696,0.0442402543252568
"b2565",624.565277967562,-1.13977532485241,0.210240840179734,-5.42128410387831,5.91724308970282e-08,2.64498895537612e-07
"b2566",2371.1875257587,-1.02991898914203,0.204014278815768,-5.04826914625953,4.45830768783251e-07,1.80804409290492e-06
"b2567",1801.65473649469,-1.02265785378937,0.231560140300992,-4.41638121509199,1.00367014155378e-05,3.41698935832353e-05
"b2569",6485.28885293878,-0.650681581038691,0.17473772989295,-3.72376121308957,0.000196276580283421,0.000529310396415939
"b2570",1411.89860420651,-1.01915850672298,0.194308982997224,-5.24504061007589,1.56247907948616e-07,6.68148816046401e-07
"b2572",11647.4043045406,0.728418251383766,0.197954142020401,3.67973230541797,0.000233478915662027,0.000620173801025873
"b2573",5269.46849026966,0.773017622914875,0.190791814415027,4.05162886722875,5.08622993921353e-05,0.00015130285695753
"b2574",862.20625646901,-2.81685081048906,0.381896072116434,-7.3759617240322,1.63162889980955e-13,1.39543745826454e-12
"b2575",368.19752044328,-1.0332225334482,0.262643720174595,-3.93393199259194,8.35674369652445e-05,0.000240334283123096
"b2576",1997.53092271302,-0.749627481072968,0.183508611510261,-4.08497168009497,4.4082192740442e-05,0.000132621745819117
"b2578",210.567230812606,0.807640213498659,0.289557399713133,2.78922318786809,0.00528346407368871,0.0107082917346333
"b2579",34629.7211811064,3.86637825766147,0.216829833962643,17.8313942643502,4.03238578922518e-71,3.9779954692775e-69
"b2581",3087.20529569404,-0.933926723260056,0.174668195290738,-5.34686192701265,8.94922314013587e-08,3.90160375749808e-07
"b2583",240.642317855642,-1.2066921841547,0.294062984348811,-4.1035160777779,4.0691816032411e-05,0.000123120316411903
"b2584",12343.6862186558,2.13633570978106,0.233069248187042,9.16609860116172,4.90448280118645e-20,7.56538765186651e-19
"b2587",7951.95664682308,0.533141152230484,0.226190094738443,2.35704906904516,0.0184208125701747,0.0331246659273765
"b2592",16339.0078803472,2.61599883701556,0.161982194876163,16.1499159769722,1.13716482704136e-58,7.65690983541186e-57
"b2594",1714.0722033032,-0.458416682560803,0.191371241967961,-2.39543140258008,0.0166008202386416,0.0301329394318861
"b2597",45097.2975934027,1.81955372032374,0.248989529354343,7.30775195664668,2.71648642898577e-13,2.25065145151516e-12
"b2598",124.101864715415,1.62365582625986,0.3523000207199,4.60873043079032,4.05135197501e-06,1.43574227886319e-05
"b2599",1968.62348883114,1.01647107678877,0.194436764459708,5.22777201941873,1.71564875239049e-07,7.27778200764045e-07
"b2600",1094.43601585917,-0.515380047021165,0.204969014270067,-2.51442906556647,0.0119225284114102,0.0223685827161443
"b2601",1342.15259280517,-0.842525533717823,0.211731269127287,-3.97922110036246,6.91414177648015e-05,0.000201579308699854
"b2602",267.266167075823,0.661767508078606,0.297643113432027,2.22335904381586,0.0261915990805124,0.0451053748476569
"b2603",309.009829199013,-1.04553356399438,0.331879119348461,-3.15034451714514,0.00163078033017091,0.00367380252819173
"b2605",326.184118485952,-1.10665409560375,0.31763721737276,-3.48401898479374,0.000493944449652355,0.00123909660285351
"b2607",31332.5796630562,-0.370635475071495,0.166681086146477,-2.22362046972616,0.0261739901493295,0.0450975086163508
"b2609",9394.1099889631,-0.407576458046156,0.163591801351841,-2.49142349847698,0.0127232363545638,0.0237761976282201
"b2610",11434.088692436,1.41611403484819,0.168285348049125,8.41495739982551,3.93037719400333e-17,4.7231331606125e-16
"b2614",3567.61450808407,0.563873050748523,0.171728126785511,3.28352181616004,0.00102518709540986,0.00242545658601707
"b2616",10902.6300787563,-4.58878943422265,0.178723965894542,-25.6752887686608,2.20732244706626e-145,8.51223801859551e-143
"b2617",3646.74654937894,-1.08834304944608,0.20485424486965,-5.31276786643399,1.07972543692935e-07,4.67844259801255e-07
"b2620",2633.40694361491,0.799121333506756,0.215017729362426,3.71653693802982,0.000201972124574258,0.000543978255520003
"b2622",932.935568084212,1.34839936947851,0.215496508450986,6.25717501954423,3.92013401963612e-10,2.30961229323561e-09
"b2623",48.128315360691,-1.45515310928313,0.551994023626004,-2.63617547835817,0.00838463588311299,0.0163154245028281
"b2629",49.5551340081516,-1.38291779773746,0.539308033980746,-2.56424475550616,0.0103400600590894,0.0196536117074449
"b2637",144.354695920752,0.908799876895725,0.343374046129711,2.6466760873139,0.00812871724993762,0.0159123297527621
"b2638",177.996883961394,0.666225779339922,0.301104549127165,2.21260615713433,0.0269248101753011,0.0461661458219996
"b2642",372.182738071415,0.858790374272095,0.288385028225463,2.9779298168027,0.00290202428073533,0.00620205180802161
"b2647",508.069321579543,-0.797664503499486,0.249040051123664,-3.20295671278752,0.00136024425282272,0.00312237885307033
"b2649",10.8972552584559,-3.02676211779817,1.20942840951729,-2.50263851417731,0.012327137819388,0.0230664837361464
"b2650",5.63528706401069,-5.68648155298649,2.04239425534513,-2.78422324098516,0.00536560900366818,0.0108436938511484
"b2664",1081.66113678132,1.16817588060308,0.390288268834305,2.99311041065141,0.00276149826657695,0.00594030205213967
"b2665",13664.8149396612,3.0252780959501,0.161884574993949,18.6878712568086,6.21435508869095e-78,7.53179836749343e-76
"b2667",343.806898986931,-4.25460268821396,0.440010959093426,-9.66931073030523,4.0711069027736e-22,7.13621300891141e-21
"b2668",697.589170918674,-3.24859098574995,0.369999651305101,-8.77998391158258,1.634980440345e-18,2.1948060215011e-17
"b2669",251.295555652698,-4.63978888067061,1.08274260911719,-4.28521870442843,1.82559506090938e-05,5.96272635024211e-05
"b2670",2329.56185042178,1.9282339986643,0.312941909914461,6.16163555463493,7.19974004811731e-10,4.07760978426083e-09
"b2671",462.397954365348,-1.45610662001444,0.255964232569146,-5.68871129141485,1.28001664440453e-08,6.23300417717019e-08
"b2672",4411.14616086701,0.489861147960956,0.187583695450719,2.61142711142317,0.00901652060302691,0.0174092309504052
"b2677",292.522138223354,-2.0505272084485,0.502628056925652,-4.07961151430872,4.51110258350591e-05,0.000135333077505177
"b2678",310.758191342552,-1.90842465184884,0.438347635361546,-4.35367844581798,1.33872028208707e-05,4.46099877188794e-05
"b2679",239.46149587976,-1.14387062381383,0.297941640569426,-3.83924389228598,0.000123413789554201,0.000344648647326479
"b2682",926.593739513999,0.795244916624591,0.239894059791132,3.31498377791006,0.000916484430004846,0.0021841162652138
"b2684",1126.10448044321,-1.0700870102821,0.25356153691264,-4.22022607731224,2.44057443216185e-05,7.73760593514992e-05
"b2685",844.300016474271,-1.73116885128248,0.314775196760531,-5.49969905220798,3.8044001318206e-08,1.76181936235622e-07
"b2686",938.190858775049,-1.12443112353001,0.264989306832105,-4.24330753935834,2.20249270120262e-05,7.05130116113323e-05
"b2687",5666.18053894507,1.13682811280322,0.16635881904738,6.83359090496692,8.28149760720356e-12,5.83556691856437e-11
"b2689",871.217356005571,-0.741072758534515,0.248799610803505,-2.97859291717218,0.00289575215849902,0.00619454395176643
"b2690",1133.60486205897,-0.771137304368687,0.255305490192506,-3.02044935965628,0.00252399911253742,0.00546823505382214
"b2696",14526.9828194256,1.43187044329979,0.179854437280158,7.96127393326067,1.70276938994509e-15,1.75319120197744e-14
"b2697",14547.1042696469,0.420873675146254,0.16058525550683,2.62087371482467,0.00877047438092397,0.0169882887323651
"b2698",839.022866484817,-3.06835658517464,0.241019728758539,-12.7307278992443,3.99101009756118e-37,1.5390786212595e-35
"b2699",38135.6611565058,-2.37030304888671,0.19085327263536,-12.4195043457041,2.04826537016377e-35,7.68915194711038e-34
"b2700",361.3379747608,-0.895403823248965,0.263649583502054,-3.39618902998187,0.000683311519496324,0.00166874350357133
"b2703",185.765525976858,-0.984684937294091,0.408470663091777,-2.41066256714952,0.015923573069143,0.0290653171081344
"b2705",305.262002392112,-0.855990368801101,0.287446424124741,-2.97791274115705,0.00290218595919918,0.00620205180802161
"b2709",575.575523840404,-1.20912028166646,0.281855651229029,-4.28985644387155,1.78788648582437e-05,5.84750537615033e-05
"b2711",120.353384482913,-0.998950081719541,0.41263705416407,-2.42089282006736,0.015482441406784,0.0283332685278592
"b2713",78.4363393221135,-1.3409847392005,0.450775927250634,-2.97483662754447,0.00293144623671821,0.00626142746030144
"b2714",350.29020542197,-0.618936373836003,0.241375022902195,-2.56421052350058,0.0103410799931676,0.0196536117074449
"b2717",519.977989124495,1.26272827541717,0.24859734773523,5.07941169493911,3.78605453943754e-07,1.55023584520213e-06
"b2734",47.1893890497347,-2.20128697057906,0.601987201032317,-3.65670061889055,0.000255482473137986,0.000673140777050521
"b2735",597.160439878587,1.66000851697674,0.273637068461438,6.06646068206463,1.30759718244396e-09,7.12044576113901e-09
"b2740",167.952040995335,-0.762586881481872,0.333515224846959,-2.28651295254003,0.0222242672489087,0.0391346374719264
"b2741",26610.3368256191,1.70101617411155,0.165730223107736,10.2637656681713,1.02624960025765e-24,2.27924125879211e-23
"b2742",9359.50276914131,0.799161871240721,0.198427935478763,4.02746654251338,5.63810873755255e-05,0.000166667994875944
"b2743",1117.06752385708,0.498539918545605,0.213104242168285,2.33941808700324,0.0193138063563706,0.0345546885549238
"b2747",499.080753551303,-0.805840699139639,0.237731194190632,-3.38971375583741,0.000699656382517924,0.00170571400841439
"b2749",284.556575218303,2.24099928957279,0.272268982645848,8.23082845425605,1.85923066485645e-16,2.09756821285134e-15
"b2750",253.534076264766,3.14065067256117,0.288410078200207,10.8895316424449,1.29303523549958e-27,3.44972042074793e-26
"b2751",1944.81094028868,3.77111643316351,0.249022159440357,15.143698222032,8.33894843428619e-52,4.78024584570838e-50
"b2752",920.726428571166,4.17269229305045,0.364526805078204,11.4468736864365,2.43779711495585e-30,7.33413855435653e-29
"b2753",505.017720457327,-1.72621268979594,0.230500330130939,-7.48898142061377,6.9410164495827e-14,6.29140849981407e-13
"b2755",124.044293014601,-0.871307646542307,0.350649944285537,-2.4848361185901,0.0129611086651939,0.0241356553809273
"b2756",37.8266750516226,-1.32998033385575,0.597792649651673,-2.22481881406657,0.0260934038587803,0.0449769277403275
"b2758",70.8992258157249,-1.42145256760561,0.433618038113875,-3.27812139409274,0.00104500444309743,0.00246958710173777
"b2760",47.68915357459,-2.76238177951809,0.604953892656654,-4.56626829424487,4.9648325452356e-06,1.74778586364227e-05
"b2762",1825.21890944215,5.09365030253221,0.231173508461463,22.0338841436986,1.36364007003372e-107,3.40268304534297e-105
"b2763",4690.18595904331,5.50910731214585,0.267549308248113,20.5909981536449,3.30489964016608e-94,5.6077537094338e-92
"b2764",4704.33168240652,5.11801834377524,0.323094929218915,15.8406025007824,1.63249141907781e-56,1.08203571870751e-54
"b2765",271.171663061351,-2.04488407265644,0.29084182499462,-7.03091473413173,2.05183869577311e-12,1.55704825536127e-11
"b2766",622.103354486417,-1.07414611589961,0.265381281276686,-4.04755795409589,5.17547701725376e-05,0.000153742111394891
"b2768",144.542355180901,-1.06327042315908,0.377840587379921,-2.81407148589349,0.00489183487060066,0.0100102091273941
"b2775",53.7996207487977,-1.78136153966949,0.500625965311884,-3.55826837419374,0.000373307784735278,0.000956263057274787
"b2777",1021.4392695042,1.55302747841879,0.20147749026321,7.70819348796692,1.27611176174863e-14,1.23309022627282e-13
"b2779",45639.8766988321,1.8845217787029,0.230190005350807,8.18680974367638,2.68241713876427e-16,2.96323268297865e-15
"b2780",13124.418658171,0.750500469908273,0.160900876450515,4.66436533140384,3.09570983055158e-06,1.12143476526045e-05
"b2781",1171.21183618031,0.677850922411927,0.21127044859366,3.20845119099287,0.00133451958660003,0.00306831007390642
"b2783",132.619918993699,0.796972375582832,0.327041135077393,2.43691783724464,0.0148130446942321,0.0272021366203171
"b2784",2714.80680420537,1.17452865526962,0.210286889240787,5.58536321265726,2.33212286971764e-08,1.11155788913958e-07
"b2785",1568.66217288083,1.1703923967143,0.217889273557992,5.37150075174673,7.80840427547633e-08,3.43602188138699e-07
"b2787",568.393695523282,-1.28624334886264,0.235059488407139,-5.47199076105696,4.45008038681929e-08,2.03637982749595e-07
"b2788",468.863738455102,-2.84133427778552,0.24592603170639,-11.5536133286524,7.07807360409171e-31,2.19161957872679e-29
"b2789",938.7408258813,-3.74668729524257,0.302488552004277,-12.3862118761757,3.10360858210301e-35,1.15486908818254e-33
"b2790",1051.96014084438,1.26395300163349,0.237040718216257,5.33221891641569,9.7019875655397e-08,4.21678598903887e-07
"b2791",395.94327353988,-0.717261645338111,0.251808691264039,-2.84843879588736,0.00439343029668662,0.00910450968175116
"b2795",8814.11676967489,1.3562856535187,0.240031463239716,5.65044946696925,1.6002884696978e-08,7.73168985018005e-08
"b2796",6728.35947366801,-1.93486398304301,0.269908456676334,-7.16859340707225,7.57722273179648e-13,6.01920951840462e-12
"b2797",4576.27510699307,-1.97189764956865,0.286918415871714,-6.87267718099461,6.30080454572754e-12,4.50725343726412e-11
"b2798",592.942114837701,-1.1119277186242,0.291457636706022,-3.81505775999186,0.000136151083537151,0.000377485553179474
"b2801",210.064338427897,-1.22939730809477,0.321353262185608,-3.82568796636235,0.000130407386212854,0.000362746316272082
"b2803",253.616164765003,-0.846491175885899,0.334123040791725,-2.53347142382066,0.0112938948439046,0.0212927564123747
"b2805",1035.89880696484,0.786612481127436,0.22286674878474,3.52951925496612,0.000416315408605405,0.0010587899026257
"b2806",1060.00046585668,-0.736098455483635,0.221036598798477,-3.33021074104903,0.000867802769040527,0.00207978494139543
"b2812",538.773441510366,-0.655466213494109,0.231185624986952,-2.83523775983521,0.00457915922239647,0.0094524542196622
"b2813",1232.89929730373,-0.79152630850763,0.20661981664873,-3.83083443469165,0.000127709421159712,0.000355474648661088
"b2817",1211.69130750038,-1.16431917434028,0.187930316169429,-6.19548350725165,5.81063771051884e-10,3.33541612557793e-09
"b2819",1746.85184441999,1.22167284921607,0.207617170187694,5.88425729968108,3.99845397544621e-09,2.06846850778571e-08
"b2820",3209.15599872329,0.915231870373776,0.188265768307833,4.86138228207947,1.1656889281088e-06,4.49941076709512e-06
"b2821",2072.07292626639,0.519466568330746,0.194124012491537,2.6759521486472,0.0074517283520569,0.0147024333346164
"b2822",2565.84198541431,0.548254377660926,0.177612667660624,3.08679772046728,0.00202325225081989,0.00448179428092844
"b2823",166.073938439893,0.990764514137068,0.311390236638859,3.18174559623758,0.001463903461468,0.00333864434599315
"b2824",125.123289011285,0.78766626076077,0.355213543254803,2.21744433937801,0.0265927426320333,0.0456521304107994
"b2825",199.130304173798,0.759611644764678,0.331987696553414,2.28807167449491,0.0221333474745901,0.0389907225860511
"b2829",4425.55686963602,0.947201323262461,0.184569145460054,5.13195919557129,2.86741671210942e-07,1.19250800909492e-06
"b2830",3835.94802070548,1.56608689479153,0.178294532185659,8.78370680016566,1.58173670131226e-18,2.13685576018045e-17
"b2831",397.51788311667,1.31485510864118,0.267215287553518,4.92058340179299,8.62866207784471e-07,3.38288211961342e-06
"b2832",648.624687890698,-1.52377864139475,0.243715272658783,-6.25229032539185,4.04476581441769e-10,2.37643997018835e-09
"b2833",1393.83899023717,0.755980287732394,0.212105276956982,3.56417482194805,0.000365002634221834,0.000937820214639018
"b2837",1287.00403597431,1.64922113607214,0.194690528923024,8.47098800951025,2.43320287353966e-17,2.97453792206203e-16
"b2842",283.131447757869,-1.57733915676974,0.366376394473031,-4.30524231518374,1.66803052250693e-05,5.4851050205228e-05
"b2843",302.502277087165,-3.12169974163344,0.354356006456079,-8.80950141879525,1.25703697465723e-18,1.72011317628902e-17
"b2844",2055.91161886545,-1.37729448213349,0.331142568481176,-4.15921905918233,3.1933752910173e-05,9.87339503243104e-05
"b2846",26.5030897861898,-1.73002068549364,0.707592724065278,-2.44493848884466,0.0144876848661592,0.0266855228841717
"b2847",110.609563721809,-1.22411345236732,0.405512298277816,-3.01868391554596,0.0025387525472923,0.00549458587021119
"b2849",5.06058788731411,-5.53030773595119,2.12038843959446,-2.60815784159288,0.00910309678956126,0.0175604077222914
"b2852",25.6971667986223,-1.7490398677154,0.704404358057043,-2.48300546086878,0.0130279090416607,0.0242494033149297
"b2860",17.9766589203243,-2.5390159740847,0.918575422167612,-2.76408002305706,0.0057083538005105,0.0114925661232869
"b2861",42.7727777829363,-3.33433102726421,0.716421136027133,-4.65414943751455,3.25320807312973e-06,1.17148630273483e-05
"b2863",520.547896362137,-4.96030835940123,0.464009471111062,-10.6901015350481,1.1324693384587e-26,2.85948507960821e-25
"b2866",643.918224645426,-1.07300703199644,0.223328441440036,-4.80461433876322,1.55050076054656e-06,5.9041510109861e-06
"b2869",4917.86138152814,1.03744065314246,0.22352906992701,4.6411889669707,3.4641014903415e-06,1.24110798327945e-05
"b2870",418.182698765958,-3.37057506518767,0.333638791776754,-10.1024675435313,5.38693686318689e-24,1.10929059095334e-22
"b2871",408.307504436005,-2.17242393820309,0.320126454989742,-6.78614311420373,1.1517090832034e-11,8.00909824745711e-11
"b2872",308.152737397466,-2.34057332905595,0.333232902024645,-7.02383622636053,2.15857814615456e-12,1.63512294571208e-11
"b2873",167.576963974872,-1.71094651129699,0.364206509972468,-4.69773731234603,2.63059455356459e-06,9.67821517451951e-06
"b2875",1164.48464097762,-0.942296356744238,0.244952614506273,-3.84685159880221,0.000119645388106954,0.000335007086699472
"b2876",645.56039453514,-0.844287243649385,0.267957197901203,-3.15082875273489,0.0016280791677506,0.00367073400272663
"b2878",1319.06965649463,-1.92447731281038,0.219148596772027,-8.78160910522439,1.61152313421647e-18,2.17018448741151e-17
"b2879",324.932026101187,-2.56525168833927,0.305968675236252,-8.38403371311957,5.11441349389555e-17,6.09419720255756e-16
"b2880",171.868692431719,-2.04566577914007,0.365081948503273,-5.603305744167,2.10301783248687e-08,1.00688506155861e-07
"b2881",555.049366093885,-1.35502961521968,0.228505423493851,-5.92996697628116,3.0299561268163e-09,1.59072696657856e-08
"b2887",132.890172283911,-1.44214882344729,0.343093776044001,-4.20336632181383,2.62974483193939e-05,8.263242649694e-05
"b2888",52.9860530179714,-2.43307170166289,0.537837452148565,-4.52380490042706,6.07377162550765e-06,2.1223178941848e-05
"b2889",939.124313930289,-0.692920905829812,0.207697394352814,-3.33620413481332,0.000849307758975115,0.00203891540100308
"b2895",1605.82416650051,0.75817532301143,0.187345869885597,4.04692840826654,5.18941042034134e-05,0.000154048138580042
"b2896",859.760428206345,0.681267986753677,0.246709189998662,2.7614211969865,0.00575504030370134,0.011564604911559
"b2897",1833.67377953165,1.00724687376931,0.214051071400081,4.70563808525246,2.53073137030838e-06,9.35951392576124e-06
"b2898",6048.25041149367,0.805996386062759,0.187428307261019,4.30029165733381,1.70573468861516e-05,5.59607621740566e-05
"b2899",9882.42273341982,2.46263310308694,0.204113768741795,12.0650023673914,1.61657726281014e-33,5.81145826172932e-32
"b2901",2220.7309016461,1.17046140341024,0.213315982375906,5.48698409923948,4.08853919869774e-08,1.8790447758262e-07
"b2902",416.663975511143,0.833694065296223,0.256803975611655,3.24642195787869,0.00116865484468766,0.0027313685130386
"b2903",18615.1399536098,2.31890497251161,0.276022699361515,8.40113866676765,4.42169882700423e-17,5.28361871102871e-16
"b2904",4493.22217655435,1.6189023994324,0.263095410603942,6.15329015324203,7.58917737801405e-10,4.27533737550274e-09
"b2905",7995.77457555462,1.20904302314235,0.262640429589502,4.6034154948347,4.15617881987281e-06,1.47166198279637e-05
"b2906",1823.25901352173,1.15377758599606,0.186807906900497,6.17627810909856,6.5630338165598e-10,3.73195569032797e-09
"b2907",3282.66856173318,1.76659510464158,0.194448935249127,9.08513642606595,1.03568714144914e-19,1.55793789149902e-18
"b2908",6418.54234935659,1.97108273122164,0.191913744007536,10.2706699898692,9.55388272379519e-25,2.14431590022959e-23
"b2909",2581.98721489317,1.32966356697754,0.189022710889662,7.03441168904672,2.00103489877876e-12,1.52394794266059e-11
"b2910",8355.23628967323,1.22383732469597,0.166926994909815,7.33157225622599,2.27468125171098e-13,1.90695610074269e-12
"b4665",315.469078253175,-0.895599022222719,0.266072205914499,-3.36599991398769,0.000762667321526272,0.00184448961112568
"b2914",2769.38800028527,0.836614287684087,0.199005017977464,4.20398589033985,2.62255292751752e-05,8.24675279357253e-05
"b2916",1145.98746495632,1.32228483536738,0.220559631501801,5.9951353126766,2.03316076892398e-09,1.08350100273562e-08
"b2918",68.4864287449279,-1.02384369997086,0.458178707349268,-2.2345946757198,0.0254439707074475,0.0440364437947745
"b2920",173.047083330589,-1.08748708917888,0.322120260571459,-3.37602821768992,0.000735403764526515,0.00178670261690806
"b2921",182.595209446907,-1.22133367739245,0.331812164276455,-3.68079838198722,0.000232504801553767,0.000617973288340275
"b2923",124.724816551277,-1.13468500826541,0.406842522565009,-2.78900298108366,0.00528705783652069,0.0107104581387396
"b2924",2190.98132828032,1.42098801513926,0.215832266938115,6.58376078469628,4.58694929540414e-11,3.01204936704402e-10
"b2925",21443.2097642383,1.46279125104143,0.198014632070096,7.38728868543212,1.49853015498061e-13,1.29202538972108e-12
"b2926",13281.8558956005,1.26675103816207,0.189505111685039,6.68452173610725,2.31680014851876e-11,1.5599787666693e-10
"b2927",3480.0682272553,0.462365371567481,0.175213506950787,2.63886831337351,0.00831832862280231,0.0162087046476469
"b4465",32.3226524508571,-1.76888030771423,0.676195094277947,-2.61593188516559,0.00889843069542376,0.0172125595120782
"b2933",37.5299546520887,-1.563131524196,0.598440631553222,-2.61200767758527,0.00900122326812655,0.0173876088813264
"b2936",5223.39675045511,0.937978164395916,0.193283517539136,4.85286162181933,1.21692606251284e-06,4.68864700924564e-06
"b2937",4427.53292816046,0.911040282527484,0.16606049354391,5.48619519962214,4.10683078083328e-08,1.88540867665528e-07
"b2938",9672.95188868614,-0.455362550650489,0.17276580962547,-2.63572145228067,0.00839586209261259,0.0163297785405147
"b2939",124.623695737903,-2.7797088609843,0.390722246237229,-7.11428358060929,1.12495638133517e-12,8.81067269150633e-12
"b2942",6918.69420432436,3.12912786722451,0.323847238442026,9.6623577285334,4.35718495082849e-22,7.60624632156973e-21
"b2943",529.916519048778,-1.98190346640797,0.337654719630016,-5.8696157677868,4.36806259723067e-09,2.25417536951977e-08
"b2944",110.34678678672,-1.26971624643317,0.363538829448669,-3.49265647457461,0.000478241311226826,0.00120641348171773
"b2945",102.387815753438,-2.35824550103763,0.42260438316072,-5.58026749131176,2.40148975797235e-08,1.14077486599314e-07
"b2950",158.487845615597,-0.801310063691625,0.316640007933697,-2.53066587801317,0.0113846239289171,0.0214542757469863
"b2954",487.081041520829,-0.787859841039417,0.27196233231999,-2.89694471406586,0.00376816153797254,0.00792883990281722
"b2955",948.923488345578,-0.811964903669783,0.236871272677542,-3.42787411276811,0.000608327478748279,0.00150205190037846
"b2956",78.1825066806958,-1.40027496126953,0.431152930008976,-3.24774543742606,0.0011632329103416,0.00272169553539387
"b2958",849.260190658323,-0.554674416074579,0.216279596027442,-2.56461740387291,0.0103289628842504,0.0196481885896818
"b2960",1471.79719056205,-0.939799081805195,0.215160490636921,-4.36789802357853,1.25448038814161e-05,4.21005206210183e-05
"b2961",1218.04873204504,-0.605442366635287,0.189093998593728,-3.20180635629844,0.00136568770023205,0.0031331785962057
"b2963",541.588077833141,-1.00620248747458,0.220773245828626,-4.55762872760244,5.17343830124552e-06,1.81971188008984e-05
"b2966",851.285644886938,1.29083078312399,0.218431804494821,5.90953678247249,3.43071069984694e-09,1.79446051649207e-08
"b2968",129.540289662254,-2.58568754596035,0.409758218806093,-6.3102762245849,2.78537882607671e-10,1.67359447311861e-09
"b2969",702.718630284061,-2.2289326503442,0.242235502352103,-9.20151104483567,3.52951033619635e-20,5.50447898755327e-19
"b2970",138.63105292842,-4.81429689452202,0.558257591011897,-8.62379118893059,6.47731815324535e-18,8.32629806244448e-17
"b2971",13.375768412767,-3.82155959885044,1.25680997676817,-3.04068209951469,0.0023604290730287,0.00515068936614597
"b2972",67.1886382909593,-2.00725454314889,0.463178733743956,-4.33365005108049,1.46657238843456e-05,4.84894783455915e-05
"b4466",714.271905604357,-0.543127981868129,0.201801130067755,-2.69140208325778,0.00711523817745556,0.0140712542418492
"b2975",1708.55728646658,-4.53328766555495,0.24288760793695,-18.6641373105034,9.69277610603597e-78,1.1421321178279e-75
"b2976",18846.1181524263,-2.54400158147044,0.231511581557989,-10.9886579511497,4.33321226800517e-28,1.1707953147056e-26
"b2977",3364.89836614512,-2.94909963856759,0.247212485797286,-11.9294121777727,8.31586216852258e-33,2.91536258833659e-31
"b4467",3054.52658401994,-1.76896942649556,0.291845672932412,-6.06131798604816,1.35010612356987e-09,7.33309881713624e-09
"b4468",1878.5634336134,-1.49119638461988,0.293404253862949,-5.08239524474117,3.72704864953495e-07,1.53050729635307e-06
"b2979",3813.28049658975,-0.774140143064033,0.27775071131958,-2.78717609537751,0.00531695776082917,0.0107556198480865
"b2980",1297.59278494648,-0.643515960786865,0.245913717215113,-2.6168363768986,0.00887488721244238,0.0171748501620349
"b2981",152.433889530461,-0.998946992087755,0.356174738489788,-2.80465424449633,0.00503705805204106,0.0102529751711891
"b2982",324.054896523645,5.08381838876126,1.53164620942489,3.31918582599447,0.000902803299614693,0.00215635788117428
"b2984",31.2315678040021,-3.62831148915761,0.851185547836108,-4.26265636015736,2.02011051827105e-05,6.51295514740623e-05
"b2985",24.9967773337561,-4.01008571180339,0.938070071846038,-4.274825337847,1.91287194000287e-05,6.22747718303312e-05
"b2986",11.9362109680412,-3.57125117526531,1.3555246272067,-2.63458966630839,0.00842390508357624,0.0163618156431
"b2987",72.0281586264656,-1.43845727861664,0.442262569017961,-3.2524960948215,0.00114396167804019,0.00268846838684015
"b2988",2610.1957582194,0.734587301784585,0.216477251752786,3.39336949188302,0.000690384467552465,0.00168504655429088
"b2989",2984.99347790417,0.924321054876147,0.216811371484163,4.26324988652021,2.01474991750581e-05,6.51295514740623e-05
"b2992",280.933312020665,-0.793398183869153,0.254518669671672,-3.11724945322334,0.0018254703771503,0.00406704061968045
"b2993",414.868669673746,-0.749244379160799,0.232891802775856,-3.21713503966432,0.0012947764071127,0.00298664574169226
"b2994",1187.68610236342,-0.628738287135532,0.222304457266013,-2.82827566692995,0.00467994882420449,0.00964391306299888
"b2995",478.078278681465,-0.92188702893394,0.253748424559464,-3.63307488720153,0.000280063692238526,0.000732899557357082
"b2996",776.7504209969,-0.51856145201898,0.207584899610686,-2.49806923813588,0.0124871801775806,0.023355651813623
"b2998",32.4216548764172,-2.00712896493493,0.667681912769319,-3.00611552679334,0.00264608444304511,0.00571231053811569
"b4755",418.652386797119,2.45370991656855,0.242022675686309,10.1383472007757,3.73363006059119e-24,7.91902935851392e-23
"b3001",3622.63597651464,0.751332552880487,0.232223285274042,3.23538852701121,0.00121477308632822,0.00283135573198039
"b3002",985.106633843812,-1.53625216666512,0.220372721715388,-6.97115393732436,3.14351768510535e-12,2.33943895091524e-11
"b3003",1336.28568111186,1.14164098010427,0.209654936792626,5.44533316300343,5.17085096443101e-08,2.33100422859897e-07
"b3008",811.358782528367,2.08750236142577,0.273591444482221,7.62999868426594,2.34756107986997e-14,2.20806077623246e-13
"b3009",3333.50757693295,1.77154908277118,0.185891816389288,9.53000039044897,1.57282638106973e-21,2.6371262879438e-20
"b3011",989.636574097282,0.871724257974388,0.229436638992649,3.79941173215285,0.000145039958013003,0.000400038687835604
"b3012",3253.06310902016,1.93974701969775,0.186724247028872,10.3882974523272,2.80312008727345e-25,6.46241054902934e-24
"b3014",56.0512268790867,-1.1437207945912,0.523079062755232,-2.18651610440464,0.0287778677776065,0.0490460888359207
"b4469",2596.67668935302,-1.23361221440734,0.171942989123981,-7.17454210079967,7.25495945440373e-13,5.77402213988379e-12
"b3017",2272.02107436952,0.449851263136518,0.179565395859562,2.50522246217387,0.0122374396905972,0.0229188605596086
"b3020",1045.75629565177,-1.0015560415132,0.236235821224522,-4.23964509836679,2.23873448816031e-05,7.15652727865565e-05
"b3024",13021.7774933746,2.1970211039715,0.207073357526494,10.6098685519715,2.68126015439849e-26,6.49937461426193e-25
"b3029",3525.09391293009,1.03426861772216,0.222762616335395,4.64291825413359,3.43522290920726e-06,1.23180182424828e-05
"b3030",3833.70111567571,-1.00879784965573,0.217822537863054,-4.63128315165425,3.63406480005994e-06,1.29652673522744e-05
"b3032",5898.86554926863,1.04667783963907,0.256906690898046,4.07415562428634,4.6181593723964e-05,0.000138153963735582
"b3037",7170.14947420351,1.11108611196785,0.19327547315324,5.74871758863537,8.99228698880278e-09,4.48240674576985e-08
"b3038",5792.08739720632,0.767050203616467,0.18662658741967,4.1100799956846,3.95522072640867e-05,0.000120014637492314
"b3040",2002.80562213097,1.52161556021445,0.198319768287531,7.67253599252071,1.68628619191881e-14,1.61108694281973e-13
"b3043",25.4207734776237,-4.34956599411478,0.971002750664407,-4.47945795327418,7.48328287188644e-06,2.58713006866685e-05
"b3046",120.447993717517,-2.37932677765665,0.506706935408853,-4.69566649159205,2.6573881687114e-06,9.76831942086113e-06
"b3047",43.659653518649,-3.22294123182897,0.736507796489367,-4.37597707341513,1.20889721302401e-05,4.06350394425344e-05
"b3048",85.968161179682,-1.4682274715622,0.436638829343661,-3.36256735061602,0.000772212862516801,0.00186438643300869
"b3049",3088.43985505056,2.82866850263212,0.174400197695564,16.2194111016427,3.6770335837919e-59,2.5158026552331e-57
"b3051",418.258985606774,-1.01517556398468,0.230237932435439,-4.40924548464377,1.03731388454235e-05,3.52304683605175e-05
"b4664",373.396910266742,-1.49655981951309,0.241634962642562,-6.19347383816665,5.8852460975151e-10,3.36458408971147e-09
"b4666",629.656474052448,-0.841971790106275,0.242888204700093,-3.46649929396902,0.000527283119713342,0.0013165008792372
"b3052",1762.34812512634,0.880046650688697,0.19973230373897,4.4061307771167,1.05233443791051e-05,3.56834747051669e-05
"b3053",2606.26585363926,1.68498028395334,0.173334244022001,9.72098902591615,2.45386316951128e-22,4.39210445783411e-21
"b3054",1031.69593371799,1.41032472538476,0.201368597105056,7.00369742680874,2.49294198842542e-12,1.88168325887912e-11
"b3055",1353.93572548926,-1.2240746656008,0.201081495584037,-6.08745554654592,1.14719213536471e-09,6.29545800545547e-09
"b3056",4012.16750439061,0.474285509035917,0.173056164154603,2.74064498859575,0.00613187213548684,0.0122406595758754
"b3057",651.573362235565,-0.580082464240875,0.217421686357618,-2.66800646227511,0.00763027904570107,0.0150337406929233
"b3063",126.516861763713,-1.48351834002385,0.379644313185697,-3.90765326517141,9.31969223104783e-05,0.000266043973378902
"b3064",1502.46487606564,-0.965960913816452,0.180564792584055,-5.34966368577522,8.81178303183128e-08,3.84959666539941e-07
"b3065",9064.82277740831,-1.43725078226498,0.190329163400382,-7.55139546976068,4.30619086355502e-14,3.9710568789566e-13
"b3066",4171.68576827063,-0.83822908158449,0.186009158538068,-4.50638607352735,6.59410633324527e-06,2.29468409069946e-05
"b3068",1227.34969606447,0.978692424783394,0.202628943465529,4.82997348772087,1.36551231131197e-06,5.2326135723445e-06
"b3072",625.085520001325,-1.21486947748005,0.224293817057175,-5.4164198256538,6.08042366155827e-08,2.70936524919435e-07
"b3073",3993.30850070477,2.32643068092298,0.185536215039455,12.538957315844,4.56968434248314e-36,1.74636044872194e-34
"b3074",185.519634100329,1.31322713072167,0.323475701341924,4.05973965053267,4.91274626444117e-05,0.000146506459861546
"b3079",28.3558101106262,-1.80599032606587,0.702821824443603,-2.5696275546019,0.0101807904248484,0.019427311283044
"b3083",38.131779970308,-1.80379209677937,0.61261070050554,-2.94443452471666,0.00323545396760547,0.00685896838110065
"b3084",669.265262134627,-1.4204593728895,0.216435554783276,-6.56296685778754,5.2747574738781e-11,3.43710003136573e-10
"b3085",207.517116268327,1.06848859623565,0.327359111767829,3.26396473421961,0.00109864839516406,0.00258771043436199
"b3086",47.3611791991396,-1.36997202615566,0.532119283599347,-2.57455812705928,0.0100368220117328,0.0191698329463172
"b3087",4381.84674692001,1.29398005181432,0.208453414293743,6.20752630125265,5.38251029232358e-10,3.12347587688599e-09
"b3088",620.180630059284,-1.03062348208042,0.352873826858238,-2.92065719709629,0.00349293931984823,0.0073753352885994
"b3089",4024.95276153351,-1.70797006884958,0.259931244262516,-6.57085327966429,5.00277369237921e-11,3.269917720042e-10
"b3090",211.173415910725,-2.35819913594528,0.319262832344075,-7.3863879444752,1.50871182404121e-13,1.29816542750158e-12
"b3094",3309.07751610986,1.27415385121823,0.208087579639836,6.12316147568043,9.17366403433963e-10,5.09354487351685e-09
"b3096",602.475106632041,-0.751363598289365,0.225649706282284,-3.32977875605751,0.000869150155902579,0.00208183792283384
"b3097",6623.72808482518,0.590936091532114,0.198830438127232,2.97206050088756,0.00295808386810033,0.00631196769038309
"b3098",6468.89949212177,1.11395473913459,0.186805920360821,5.96316614046793,2.47396645450555e-09,1.30854933915368e-08
"b3099",7178.57963342016,1.19047687106923,0.18331828557091,6.49404322848493,8.35627532195944e-11,5.30648501732813e-10
"b3100",5701.41800725222,1.11936714087113,0.182903743095464,6.1199794051612,9.35874524929327e-10,5.18951599313752e-09
"b3102",1952.54076500382,1.43963375596465,0.205599269750435,7.00213457816334,2.52091747351855e-12,1.89941952445216e-11
"b3103",1292.06999804711,0.457574474201035,0.203545407299395,2.24802160988083,0.0245748119874582,0.0427765090073032
"b3104",37.0942649439597,-2.38779516577917,0.618795157582389,-3.85878127280148,0.00011395386619106,0.000319915486685954
"b3106",104.09707379943,1.20138018070801,0.382059350591002,3.14448574246283,0.00166379018498479,0.00374022149692925
"b4470",401.031969592045,-1.60345259486842,0.257783449784974,-6.22015337371705,4.96669140871418e-10,2.89008298432998e-09
"b3110",361.15952722888,-2.23351960566153,0.316810986039456,-7.05000679926979,1.78909048765136e-12,1.36991369108611e-11
"b4471",416.873877932366,-2.02778129950932,0.249287220972105,-8.13431708052228,4.14266963049277e-16,4.44891255001274e-15
"b3113",190.103372581311,-2.87060035403251,0.340355120773867,-8.43413299469572,3.33667103663104e-17,4.05563281873607e-16
"b3114",1475.98822660871,-3.14458825021337,0.272161441686242,-11.5541284273419,7.03576522745365e-31,2.19161957872679e-29
"b3115",1034.43148285629,-2.07058929255251,0.315110583252722,-6.57099254229705,4.99809631731411e-11,3.269917720042e-10
"b3116",2453.05092066718,-1.28482668094224,0.230705303976077,-5.56912502139728,2.56021739024903e-08,1.21210292069603e-07
"b3117",2628.47321521309,-1.25973231188171,0.227722757805115,-5.53186832982142,3.16837710956193e-08,1.47857598446223e-07
"b3118",2090.43981642179,-0.584464545049306,0.222583136713442,-2.62582580908525,0.00864390400058122,0.0167660908872728
"b3121",18.3971976060527,-2.83572992168652,1.11062203140782,-2.55328081155743,0.0106713421614395,0.020235955944938
"b3124",3143.42738533125,-3.59945680213261,0.1911276763928,-18.8327345890771,4.07181351399043e-79,5.308494984597e-77
"b3125",3812.06895335211,-4.43578046992539,0.209368251733393,-21.1865000218555,1.27209039110458e-99,2.34617714741984e-97
"b3126",2530.47917142526,-5.45604762883261,0.228663368152251,-23.860610787469,7.85836811800979e-126,2.08344984728734e-123
"b3127",4224.78117147277,-6.97164864570381,0.227321621401215,-30.6686561653503,1.49063286410941e-206,1.26465292191042e-203
"b3128",9956.53273879767,-4.9645690683863,0.177202625218931,-28.0163404027038,1.0274930940773e-172,6.22660815010844e-170
"b3131",974.005134725597,0.962772071005475,0.195948371088846,4.91339665471851,8.95119246393277e-07,3.49318844820633e-06
"b3133",138.367456294805,2.03042693609191,0.370902658751684,5.47428520174417,4.3928110603618e-08,2.01234390043788e-07
"b3139",15.4518526608555,-2.71459388494384,0.985927891690745,-2.75333917198412,0.00589907462548196,0.0118148605105262
"b3141",26.7530704906298,-2.84839077448022,0.771450119083098,-3.69225527875432,0.000222274187167271,0.000592638027632661
"b3142",36.1175416088207,-1.89608557098007,0.671677961752986,-2.82290871362155,0.00475901198911475,0.00976668062787846
"b3143",28.5707812041039,-4.47930857193533,1.06742927020739,-4.19635164310703,2.71248998182516e-05,8.4980668411391e-05
"b3145",204.990695946535,-0.984686915501804,0.302764435628454,-3.25232028477146,0.00114466956794026,0.00268864247353411
"b3147",2831.55539827404,0.567226411758527,0.173148656828569,3.2759504009328,0.00105307052977442,0.00248726346731797
"b3151",665.966329152128,-1.02074332707286,0.250836777735662,-4.06935273322857,4.71439273291448e-05,0.000140735073701782
"b3152",640.33675262876,1.27976980330218,0.213629832714787,5.99059497935747,2.09074729235333e-09,1.11139724488256e-08
"b3153",684.705129616653,1.25096802207547,0.22892898552395,5.46443701400405,4.64378226771436e-08,2.11361849566999e-07
"b3156",2319.04899864763,0.97755449072891,0.235548766956414,4.15011508385352,3.32308153066556e-05,0.000102148636616546
"b3157",3392.2329910684,1.2467475614957,0.268792227729068,4.6383318893892,3.51232453681565e-06,1.25626312691163e-05
"b3158",285.786503127303,-1.03803623852116,0.279567299518089,-3.71301021367842,0.000204808618323223,0.000550242327701195
"b3159",247.207270484967,-1.12998897393058,0.355303627761636,-3.18034741454613,0.00147098583315065,0.0033511932890575
"b3160",1649.92373336311,-1.41299673262299,0.211703998000934,-6.67439796114174,2.48249131269756e-11,1.66625445387074e-10
"b3161",10853.9384534301,4.57714954976969,0.313778266913823,14.5872102449555,3.38769939084505e-48,1.731400098309e-46
"b3162",22416.5341915523,-0.716911458817702,0.239848192842478,-2.98902172378901,0.00279872232225228,0.00600514926201019
"b4685",256.225183651072,-1.27704382941625,0.303846084703711,-4.20293001524615,2.63482069633851e-05,8.27306394808879e-05
"b3165",13321.5816297518,-1.16195012951548,0.187510297957564,-6.19672701804593,5.76493578466138e-10,3.3181624964089e-09
"b3168",27619.4945186223,-0.42917116040083,0.17266341736254,-2.48559403582117,0.0129335412086277,0.0240948975876146
"b3169",11214.6849251459,-0.805890897016522,0.175326415476835,-4.59651727222473,4.29611375940249e-06,1.51614929845136e-05
"b3170",2902.20806177399,-1.05773152595388,0.183832943469935,-5.75376483664297,8.72775453708404e-09,4.3710902888206e-08
"b3173",122.264429434194,-2.07756175577248,0.401621225063106,-5.17293814699669,2.30441313865176e-07,9.67853518233738e-07
"b3175",9205.88248564996,-2.26419290538762,0.230364015227232,-9.82876124621379,8.4653614124627e-23,1.5613070918116e-21
"b3176",4716.61525392938,-0.435222177050379,0.196206981570472,-2.21817885157191,0.0265426401175541,0.0455870032420521
"b3179",8247.39217082992,0.785710205396591,0.188472963771272,4.16882182820724,3.06178210248517e-05,9.50811103861061e-05
"b3180",3262.52407379568,-0.390689320352616,0.179275256875358,-2.17927073240366,0.0293115620993459,0.0498155634717249
"b3181",1461.82423247334,-0.809289368929673,0.183214728156227,-4.41716327652215,1.0000468819563e-05,3.40738865321977e-05
"b3182",872.127092942626,-0.803067220080033,0.205836344762955,-3.90148406980729,9.56047541614032e-05,0.000271637888246934
"b3184",3164.56521759194,-1.12296723738468,0.234479846034143,-4.78918447098076,1.67460485473944e-06,6.34823395335541e-06
"b3185",5539.00987478131,-1.41701821394,0.202428585111065,-7.00008950397263,2.55799041238136e-12,1.92053014678261e-11
"b3186",6288.16158667967,-1.41611201698277,0.190796429854694,-7.42210961736154,1.1526934689227e-13,1.02081956057831e-12
"b3188",210.608766090883,-1.10289769536076,0.282352242844365,-3.90610566521581,9.37955096027664e-05,0.000267504933946838
"b3189",2858.7710550232,-0.65834335592857,0.17021435631961,-3.86773107840802,0.000109852713526369,0.000309631369288277
"b3190",509.367290929513,-1.16194288362777,0.232647091885523,-4.99444404918465,5.90054942310282e-07,2.35910750733291e-06
"b3192",2868.10770446896,0.455150462257254,0.186068847910901,2.44614005712123,0.014439489606987,0.0266198674110556
"b3195",2095.37660427645,-0.652318339927655,0.200841369760068,-3.24792815696755,0.00116248618724725,0.002721449451602
"b3199",1256.05862908407,0.469919157562912,0.186475975315452,2.51999838996939,0.0117355371095193,0.0220567782093846
"b3200",1717.3516794945,0.416073179347279,0.190153467254554,2.18809146819443,0.0286629402638889,0.0488895024525198
"b3202",6803.6864641552,1.07027955324161,0.175936957243335,6.08331285257666,1.17724314067837e-09,6.44369729388082e-09
"b3203",2081.59427604562,1.26532490640695,0.20219992383417,6.25779121185365,3.90468081292745e-10,2.3037073725227e-09
"b3204",2919.38050759756,1.50569097997359,0.207821111971982,7.24513003364443,4.32024512279571e-13,3.51081988714548e-12
"b3205",2622.94797556785,1.1468278613652,0.212241567788924,5.4034083582804,6.53863687805977e-08,2.90743161810582e-07
"b3207",9831.91525824946,1.27958138543869,0.169032782880907,7.57001904382196,3.73169519680705e-14,3.47145855808234e-13
"b3209",1102.10268451666,1.34921202900783,0.263798965561791,5.11454632179669,3.14495908997457e-07,1.30028425532867e-06
"b3210",3961.42518289832,1.06140660003033,0.213650757419416,4.96795149640727,6.76638808102945e-07,2.69006731393879e-06
"b3213",1089.95295723154,0.697623875226725,0.191331280740024,3.6461569301605,0.000266191451198903,0.000700486436715724
"b3214",51.8666914122405,-2.47571819584673,0.606087957947559,-4.08475067584323,4.4124168843292e-05,0.000132653950555099
"b3215",24.8230335002771,-5.37418441616384,1.27137576475095,-4.2270621834738,2.36762253173232e-05,7.53447470338222e-05
"b3216",254.684044503233,-1.93651060960409,0.296996099804314,-6.52032336747865,7.01559786830087e-11,4.48871284424318e-10
"b3219",134.965127614683,-1.47983891889447,0.385576582481481,-3.8379896138157,0.000124045727562013,0.000346185510735566
"b3220",185.019475655588,-1.37487627891693,0.316049730854533,-4.35018968438781,1.36019819152197e-05,4.52901156078195e-05
"b3225",865.20011381446,-0.710386750517589,0.223021275814271,-3.18528691006677,0.00144610559428338,0.00330458271205874
"b3226",1465.16599650394,1.5215581996334,0.228151006038903,6.66908389338395,2.57405089797224e-11,1.72225929167164e-10
"b3227",112.278348479781,-1.1007154671888,0.424212676337365,-2.59472554354652,0.00946664792169116,0.0181708237483321
"b3230",20208.1163964906,-1.34438322153274,0.218327632323208,-6.15764118919468,7.38364083803835e-10,4.16508037698919e-09
"b3231",20978.4820141916,-1.22412909409889,0.199440055277084,-6.13782969724008,8.36564727435956e-10,4.68785676853808e-09
"b3233",5055.39005441849,1.41556824842758,0.172768114776255,8.19345774688128,2.53826590658954e-16,2.81867119784105e-15
"b3234",1434.57059755766,0.647822394462529,0.22229771042478,2.91421082666408,0.00356588999822285,0.00752188233339699
"b3237",1793.43458876607,0.898810511549669,0.284517026082942,3.15907460415972,0.00158270969545929,0.00357690704748977
"b3238",758.613883819854,-2.12799658443319,0.356833502761521,-5.96355602252788,2.46806778974769e-09,1.3070591216117e-08
"b3239",300.446984754947,1.32491588069172,0.312406485918312,4.24099991649392,2.22526219592539e-05,7.11882521501923e-05
"b3240",409.282279413179,-1.73571901626481,0.416705306804142,-4.16533936075027,3.10889765379866e-05,9.64030982998092e-05
"b3241",185.065464610189,-1.60377099951958,0.466954441318858,-3.43453420207317,0.000593573161336421,0.00146989921213608
"b3243",844.404990066268,0.538682860000718,0.220650800108369,2.44133653599331,0.0146330112763525,0.0268992342434268
"b3244",4448.26666699915,0.958986288169358,0.177027316447398,5.4171655957645,6.05512553044855e-08,2.70092981074267e-07
"b3248",748.698825048319,-0.554814673761998,0.228068722686409,-2.43266444967493,0.0149881836034063,0.0274761775478174
"b3249",521.574800844517,-1.17326720363579,0.252261306292277,-4.65099947701216,3.3033016660829e-06,1.18750895487488e-05
"b3250",2587.60199335123,-1.2472471662993,0.207005470313196,-6.0251894039913,1.68911698764746e-09,9.06991678683609e-09
"b3251",5847.50781282894,-0.849278676405771,0.174582565885335,-4.86462478139754,1.14674143033488e-06,4.43030705599324e-06
"b3252",1850.64145913769,-1.19620070875398,0.182871413143544,-6.54121214568967,6.10221957916997e-11,3.93398411167766e-10
"b3253",1652.62060255624,0.498306767754764,0.195759355467419,2.54550678594617,0.010911924292107,0.0206184333394734
"b3258",500.742700377739,-0.66813304301204,0.229467919373827,-2.91166209566568,0.00359511317520091,0.00757975650556773
"b3260",7740.64200039156,-2.3299893442181,0.206355558452997,-11.291139243767,1.45143070192786e-29,4.17472890803386e-28
"b3261",1827.76654991762,-1.94681198363514,0.213766131080956,-9.10720502724477,8.45315447919515e-20,1.28065290359807e-18
"b3262",85.0356885752353,-2.55615294779761,0.653529755116991,-3.91130308571798,9.17994850183401e-05,0.000262231256193804
"b3263",28.852724131433,-2.1020080736614,0.731024049718131,-2.87542943966329,0.00403478315770358,0.00843546089451877
"b3264",34.4597076656098,-4.49384287450964,0.872698924913672,-5.1493622212886,2.6137368817323e-07,1.09128659963666e-06
"b3265",60.5147298941107,-1.60534105178483,0.58528638877117,-2.74282997620242,0.00609122155288338,0.0121824431057668
"b3267",820.919574841749,4.61339465372179,0.294390508153426,15.6710033983754,2.38779793466537e-55,1.51179684161948e-53
"b3269",100.395532799624,-1.43972702835983,0.393582914118824,-3.65800185097763,0.000254189211606456,0.000670676459081693
"b3271",64.7374016934134,-1.00214838444194,0.459666890465326,-2.1801622114385,0.0292454396217871,0.0497430452588696
"b3279",204.221292425187,0.874529147719177,0.28874248365161,3.02875121339734,0.00245566816943476,0.00534115171664062
"b3283",2360.6158612569,0.835535673396281,0.223863906650254,3.73233758804027,0.000189711014971666,0.000512908939139456
"b3284",5068.61583781688,1.54711055553349,0.209650034672346,7.379491054945,1.58895755736052e-13,1.36168847642896e-12
"b3287",6269.60254701759,1.2544988223932,0.169378686003138,7.40647393125933,1.29701723973991e-13,1.13280774099787e-12
"b3288",7450.19298484525,0.909032298415395,0.169084958955928,5.37618664621927,7.60799259236491e-08,3.35130888648099e-07
"b3289",3630.62536033221,0.549017722856929,0.192988464181089,2.84482145182399,0.00444363237068483,0.00919955515687898
"b4550",54.6863036200411,1.20543538542071,0.493772431726766,2.44127721186294,0.0146354155195259,0.0268992342434268
"b3292",500.933115468088,1.80869603084726,0.234778073380181,7.70385413257225,1.32022544813855e-14,1.26993114535232e-13
"b3293",489.861667463974,1.48493645201054,0.219153644470998,6.77577804190725,1.23738523902189e-11,8.59081535831566e-11
"b3294",17642.8416574069,-0.665457823888978,0.233424933331977,-2.85084294291117,0.00436035011800383,0.00904921976544631
"b3295",54900.3805723898,-0.550695186013266,0.206740533526591,-2.66370206470632,0.00772859795326379,0.0151992176716481
"b3297",16264.1898657948,-0.462106307478571,0.193253242214631,-2.39119562592044,0.0167936021147319,0.0304307817901292
"b3311",6917.59083209846,-0.513014288733973,0.228616281757933,-2.24399716760843,0.0248325835829421,0.0431013991648284
"b3312",3347.67372041003,-0.839353432926918,0.223136783560673,-3.76160944660517,0.000168823518345808,0.000459954633797635
"b3313",15350.3282522021,-0.556036346003979,0.223345353094804,-2.48958099328781,0.0127893774391217,0.0238787584052615
"b3314",30885.1029838846,-0.664056008808643,0.212866436346425,-3.11959001243362,0.00181102918076338,0.00404537150664417
"b3315",12203.5043338647,-0.885968487465916,0.200498123305497,-4.41883680933999,9.92335395726557e-06,3.38383179153702e-05
"b3316",6835.51835475987,-1.05941745511883,0.203968477021162,-5.19402542290353,2.05795019612249e-07,8.6807997662525e-07
"b3317",31732.9841396701,-1.06994936152036,0.193364053287592,-5.53334160785829,3.14186708163486e-08,1.46787744242703e-07
"b3318",9071.28352039139,-1.2496776275212,0.185809512076163,-6.7255847860413,1.74888619103702e-11,1.20044906510988e-10
"b3319",20240.4956197779,-1.16726080921221,0.176923548718897,-6.5975435020626,4.18026054908934e-11,2.74925042623829e-10
"b3320",29340.223765924,-1.24411472678121,0.179521351763481,-6.93017690965437,4.20314662607522e-12,3.06353058209812e-11
"b3321",20101.9656264769,-1.42129542593139,0.173028748608884,-8.21421548360211,2.13555795179267e-16,2.39657059034511e-15
"b3323",56.9282060105599,-2.65350157413239,0.617316421702293,-4.29844643823856,1.7199945331045e-05,5.63414425438556e-05
"b3324",44.2780340226356,-2.62020783293791,0.78629000470111,-3.33236823216889,0.000861102369946054,0.00206606122924839
"b3325",189.060066933197,-1.47459537213139,0.29684772663318,-4.96751445212707,6.7816505723936e-07,2.69361064869791e-06
"b3326",91.0262037000294,-1.87606548863201,0.402930085486774,-4.65605710818432,3.2232256278718e-06,1.16266353005375e-05
"b3331",55.6828061508974,-1.30385523081686,0.482772306734751,-2.70076641229804,0.00691799065810228,0.0137067334757916
"b3332",187.112903656362,-1.1011261600528,0.307407948083007,-3.5819703651757,0.00034101248374717,0.000880983529875454
"b3333",192.795975328441,-1.45068314504071,0.301328130693645,-4.81429709765661,1.47718904874924e-06,5.64017636795164e-06
"b3334",59.6267680546328,-1.59498817961409,0.489531351929844,-3.25819413470921,0.00112123673262945,0.00263798459224299
"b3336",6305.41933736593,1.54250037434605,0.208338131053378,7.403831293614,1.32310497893354e-13,1.15012527062215e-12
"b3337",292.901658318769,1.57904950784307,0.253309765810429,6.23367007896882,4.55632163485244e-10,2.66224743457907e-09
"b3339",86787.8080662823,1.022465960789,0.201242113518459,5.08077530548901,3.75897530349316e-07,1.54212507131702e-06
"b3341",20308.205826659,-1.01682624845333,0.164298241898105,-6.18890522933254,6.05834911035145e-10,3.45888518521007e-09
"b3342",20524.1785512587,-0.990985631384682,0.15984580945066,-6.1996347279318,5.65943530682379e-10,3.26630266279545e-09
"b3347",5101.01151668565,-0.358970882080533,0.164672865268693,-2.17990305503465,0.0292646484364785,0.0497557670010187
"b3348",426.397014022393,-0.848101624478573,0.235432037006822,-3.60232037772327,0.000315389323140908,0.000818276152149072
"b3352",1604.94200346772,-0.697038264480187,0.213057223229201,-3.27160118730324,0.00106940312248463,0.00252303005872069
"b3356",1449.01091377699,0.494970636294815,0.210276463407293,2.35390413303693,0.0185774015382406,0.033335591085117
"b3357",13255.8195357381,1.05675397343765,0.197171783344214,5.35955984935639,8.3424953943811e-08,3.65965516680089e-07
"b3358",1754.3062637892,0.679285489475688,0.190333419062431,3.56892390638385,0.000358450508033194,0.000922662047983501
"b3359",274.619037363022,-0.722528180204321,0.319968693032486,-2.2581214848134,0.0239380865145191,0.0417710255016825
"b3361",1912.05133714029,1.57127400857583,0.185401737367202,8.47496917174947,2.35141796973676e-17,2.89962646151842e-16
"b3362",471.681807374247,1.55873863062869,0.223841031452215,6.96359653328997,3.31693689110123e-12,2.45986823287612e-11
"b3363",1135.61685131295,-0.580868898731327,0.211845433440628,-2.7419467547509,0.00610762411992295,0.0122037407049991
"b3364",298.191654251674,-1.93358858063888,0.488916813981658,-3.95484165269763,7.65853583297707e-05,0.000221153907443763
"b3368",1215.99014319688,-0.592630594222392,0.195280667634086,-3.03476325333368,0.00240724567743185,0.00524206168566012
"b3369",28.3035809112929,-2.30553977306755,0.696198287152396,-3.31161368192632,0.00092759543032202,0.00220935419170467
"b3378",28.3125242335693,-1.80513050245534,0.683604375782289,-2.64060700370682,0.00827576545077606,0.0161480207185796
"b3379",82.9813356284725,-1.14280807520879,0.404278922336212,-2.82678124450522,0.00470184355023986,0.00967275477212293
"b3382",97.3239845984079,1.8221649062327,0.43830966817027,4.15725465020965,3.22094895971475e-05,9.95139511078657e-05
"b3383",384.908788263272,1.70518815465407,0.245056844059597,6.95833720212023,3.44312307340614e-12,2.53571668010223e-11
"b3384",2733.55616453618,0.46083715452378,0.186571745288174,2.47002649737763,0.0135103044422894,0.0250703024690252
"b3387",1035.09564366059,-0.518153029485397,0.211230907741128,-2.45301710354062,0.0141663602741462,0.0261732144089409
"b3391",112.529822689344,-0.850588785177578,0.355451657775174,-2.39298021706114,0.0167121421575129,0.0303090667089224
"b3396",1702.71062804008,-1.46269229163209,0.193326242788318,-7.56592726644804,3.85107497316544e-14,3.57467396852687e-13
"b3397",1141.88875226035,-0.885650326877583,0.223725513999054,-3.958646964518,7.53755548352771e-05,0.000217957125842703
"b3407",1762.86784131578,-0.82989690023748,0.176993662340923,-4.68885094110853,2.74743418125801e-06,1.00731337916132e-05
"b3408",1151.7833489992,1.34895768885719,0.29068505418731,4.64061591549166,3.47372252706866e-06,1.24350472234812e-05
"b3409",7199.27430820281,1.56883275958557,0.232036431492701,6.76114845196159,1.36902157352174e-11,9.48919855372422e-11
"b3410",392.88627209354,0.974711983667465,0.265740090781116,3.66791469364821,0.000244536737469286,0.000647114685180732
"b3413",691.481273266912,0.754379188783214,0.214532812471784,3.51638138749722,0.000437472078457419,0.00110857619881504
"b3414",2389.48660580456,0.751245505463675,0.239012354716585,3.14312415504414,0.00167154924405773,0.00375567367229497
"b3415",822.149808397301,-1.80971056690887,0.253397933626136,-7.1417731826453,9.21345436123081e-13,7.2645861338924e-12
"b3421",368.627110584266,0.993668974274764,0.267601417040426,3.71324257272021,0.00020462058975339,0.000550242327701195
"b3424",916.601122884462,-1.45489240519232,0.223160254097192,-6.51949609520823,7.05439758674496e-11,4.50674014502592e-10
"b3425",311.727271921515,-1.38827840891342,0.295960119192732,-4.69076175769941,2.72189761778144e-06,9.98813987424643e-06
"b3428",10865.554003636,1.2452857116764,0.199633602222875,6.23785624168689,4.43608032505037e-10,2.59556589501568e-09
"b3429",7121.8706541532,1.19011646635903,0.198174435620435,6.00539854009461,1.90862488929664e-09,1.02098193952034e-08
"b3430",5294.16807189291,1.24429979299857,0.210686451850449,5.90593169171506,3.50659257679755e-09,1.8318923289132e-08
"b3431",5938.39515703876,1.21315547549043,0.196415366680019,6.17647944759222,6.55467376584044e-10,3.73195569032797e-09
"b3432",6753.75515978107,1.27321203127334,0.197767390754583,6.43792703344766,1.21116194872433e-10,7.53335628517391e-10
"b4788",68.2729963074963,1.44451472143824,0.46335515265795,3.11751086213685,0.00182385225704248,0.00406557082205685
"b3433",6168.38395340559,0.879529306026235,0.206759448945276,4.25387720132213,2.10100549601628e-05,6.75186766219778e-05
"b3434",304.503019058259,-1.04172520395804,0.292401569200653,-3.56265257674859,0.000367126404217778,0.000942705936254125
"b4476",370.875014293384,-1.63217911662976,0.283795337573262,-5.75125416289974,8.85838223562163e-09,4.42606094740953e-08
"b3437",175.712264684779,-1.44755589300564,0.389834940608573,-3.71325333420821,0.000204611885319145,0.000550242327701195
"b3438",1769.97161138176,0.695805987868773,0.183806745666291,3.78553020644867,0.000153381200777177,0.000422495489413497
"b3439",1314.04571285448,0.94022914797328,0.191090890650345,4.92032427486926,8.64009427962986e-07,3.3842363743481e-06
"b3440",1637.68907261724,0.637313699451968,0.207533144256094,3.07090080351468,0.00213414039763623,0.00470042760476265
"b3441",227.409764548909,0.73313029329554,0.278699428379566,2.63054107271823,0.00852490678104441,0.0165428428934997
"b3443",8.21452955290036,-3.05621915328488,1.36792178053921,-2.23420607578905,0.0254695168546698,0.0440626796482502
"b3448",2627.98514576969,2.27467318906417,0.199766634661247,11.3866521950546,4.87356715876808e-30,1.45589238644325e-28
"b3449",1337.924904424,0.890057314420093,0.255393431413026,3.48504387718836,0.000492056347082653,0.00123582180244205
"b3450",1602.6709167162,1.22870960906384,0.311708074809358,3.94186005548725,8.08521487592831e-05,0.00023315759009985
"b3451",296.220013762236,1.52799970792294,0.338503830744898,4.51398054952728,6.36220544480936e-06,2.21944699809879e-05
"b3454",82.8599657672539,-1.35039124808708,0.417859796574189,-3.23168502727043,0.00123062622547558,0.00286358554496293
"b3455",59.7365217422216,-1.42101161607305,0.538879179113105,-2.63697628550386,0.00836486791675287,0.0162844285006267
"b3456",124.480261288853,-1.41748236876494,0.353012861742296,-4.0153844870381,5.93489616146187e-05,0.000174468673020937
"b3457",81.7003108927341,-1.55143625102001,0.415972344488143,-3.72966201137497,0.000191736791221651,0.00051805571233264
"b3458",119.075050858463,-1.33707702757527,0.38941705233868,-3.43353486845358,0.000595765570860235,0.00147446764970194
"b3459",542.813871858314,-0.735561747551493,0.24867584358904,-2.95791395310225,0.00309728569679604,0.00658250797886213
"b3460",393.539438598942,-1.60788784668023,0.262533294395383,-6.12451022786735,9.09629710395448e-10,5.05720738073065e-09
"b3468",1128.33280895212,0.796929752841197,0.222408316812426,3.58318323821185,0.000339432320224704,0.00087743565045289
"b3469",7396.14894934019,2.33972441763739,0.251189926073235,9.31456310455396,1.2245546532599e-20,1.96763668148806e-19
"b3471",500.823191448074,-1.94369529655353,0.319449118604549,-6.08452233346014,1.16839115959022e-09,6.40350813821924e-09
"b3472",6072.01426869423,0.962695929083439,0.172492974882638,5.58107325668448,2.39038929723342e-08,1.13677482050047e-07
"b3473",546.040926163804,-1.44506106518313,0.235858121843016,-6.12682342202718,8.96508698262437e-10,4.99735860450625e-09
"b3474",680.606023220115,0.603567982660447,0.232479549504687,2.59621968446854,0.00942557796709353,0.0181165843844181
"b3475",554.655264957783,-0.909995989747389,0.217267301018161,-4.18837066361553,2.8096435818366e-05,8.77005744970628e-05
"b3478",181.333563814897,-1.29202796480277,0.466484058035045,-2.7697151543509,0.00561053350791047,0.0113063577864875
"b3480",206.518933536159,-1.25319201722072,0.368764372679313,-3.39835436952726,0.000677925451236809,0.00165845430458278
"b3482",190.174366713324,-0.916694845798765,0.296393120745845,-3.09283442035358,0.00198254717833566,0.00439621805044426
"b3484",50.0204294652342,-1.18854946255858,0.523624558955879,-2.2698504915976,0.0232166558438846,0.0406626978074974
"b3485",640.645120805397,1.15637559938607,0.22613592749524,5.11363060348033,3.16025076094009e-07,1.30533434546328e-06
"b3486",1803.14355488529,0.92945656521062,0.252847195946125,3.67596152977968,0.000236955231594391,0.000628620445543093
"b4790",452.652981208426,-0.88292201157417,0.234113389768243,-3.77134350345448,0.000162370975980204,0.000444067473529299
"b3491",6248.60463462269,5.02692918509928,0.230106697255869,21.846079427708,8.46999045070486e-106,1.99609441621611e-103
"b3492",786.694422569351,-1.26090715855494,0.268107910031854,-4.70298380381665,2.56386764681354e-06,9.46555836186513e-06
"b3493",4973.2050192717,-1.32473039550911,0.169992526394786,-7.79287433161966,6.55017607176765e-15,6.43190900380518e-14
"b3494",6776.43569408745,2.86111656742998,0.164600970146509,17.3821367205998,1.12675920052364e-67,9.5594250572426e-66
"b3495",6404.93400236086,0.734582030491927,0.231624432508583,3.17143585646867,0.00151687363133029,0.00343911167509518
"b3498",5377.4747342026,0.880059063829625,0.164450745590684,5.35150546547283,8.72255029500737e-08,3.81847867403728e-07
"b3499",1845.8279437654,1.05142625433947,0.17692588307073,5.94274978929533,2.80280087723011e-09,1.47512175201118e-08
"b3500",3874.60215574412,1.12197465579049,0.168548285814174,6.65669573778682,2.800520925744e-11,1.86496228681414e-10
"b4613",1574.99849011027,-1.58118839898019,0.212882933081795,-7.4275019424533,1.10667758395162e-13,9.84177423715463e-13
"b3501",430.489168327459,1.6111971302702,0.238865491204427,6.74520677786518,1.5280924220999e-11,1.05572769618042e-10
"b3502",1087.85294334128,1.90083617850206,0.191008838228736,9.95156138390718,2.48257119523204e-23,4.83076468356619e-22
"b3503",368.764948916637,1.73452370313175,0.250029249799085,6.93728315597298,3.99712175556702e-12,2.92341215295092e-11
"b3506",20200.8455377857,4.41586898998545,0.163490105817978,27.0100075346569,1.12749291491834e-160,5.31424993898177e-158
"b3507",559.503765621202,2.00633896891932,0.289420591913555,6.93226060956499,4.14168047443619e-12,3.02392574398594e-11
"b3508",1794.25707982508,2.62731806705774,0.268730934830965,9.77676079127381,1.41672131726205e-22,2.59040164992484e-21
"b3509",16824.6467749851,2.77765010488074,0.179206143615147,15.4997482164778,3.48254200193257e-54,2.05179766280527e-52
"b3510",49076.0468880727,3.12344947461738,0.164339593227003,19.0060679431216,1.51922304823248e-80,2.07888521632329e-78
"b3511",11624.5299385113,3.7590275953864,0.173689258221282,21.6422571774551,7.18962481384708e-104,1.52491942301697e-101
"b3512",6839.94710449829,2.82068112162486,0.190557501911593,14.8022570265089,1.41648570546952e-49,7.60599033240723e-48
"b3513",2448.59477148047,2.90503036836556,0.211221601106387,13.753471960959,4.85428774044001e-43,2.26284490054357e-41
"b3514",11531.8922943021,3.7094659397267,0.192690606107347,19.2508914402406,1.38754763483506e-82,2.02964726447252e-80
"b3516",3480.48744931875,0.611195448377156,0.205110385766309,2.97983666742998,0.00288402115438285,0.00617256192577803
"b3517",45174.0755802315,5.2405358966242,0.160718828221427,32.6068572961729,3.2788835606954e-233,3.47725601611747e-230
"b3519",1469.95725904946,1.55995240475496,0.207034141758873,7.53475920204403,4.89236782953806e-14,4.49208318893949e-13
"b3522",1784.1706219787,1.98674059002926,0.206345566966873,9.62822036466726,6.07728423925515e-22,1.05223835685389e-20
"b3524",2115.24271010263,0.874532638780569,0.208708238772358,4.1902161789331,2.78688811721579e-05,8.71827388881224e-05
"b3525",214.854839881288,-4.29696140283932,0.425061497699124,-10.1090346363972,5.03782189391241e-24,1.04757061146943e-22
"b3526",765.890301499096,-1.74992814739205,0.224080884152328,-7.80935934812924,5.74794023979379e-15,5.65725347962999e-14
"b3527",1651.99682891112,-1.63850969005323,0.191388118848497,-8.56118812343978,1.1171025093651e-17,1.39374966021375e-16
"b3528",5276.14060519174,-1.48762721513657,0.245210714928985,-6.06673005935895,1.30540687351875e-09,7.11765547232201e-09
"b3531",183.784757978346,-0.735017754531054,0.292670491401863,-2.51141736568791,0.0120247434743909,0.0225404161813372
"b3532",373.783591450286,-1.50521362353558,0.269787061309127,-5.57926542596821,2.41536431869157e-08,1.14608226396976e-07
"b3533",419.831404193387,-2.52187218943888,0.349953670753787,-7.20630300578608,5.74913955883439e-13,4.61474563582157e-12
"b3535",395.009388732956,-1.6428521714312,0.238726561544365,-6.88173180564112,5.91292582114404e-12,4.25129344632085e-11
"b4453",244.423936076586,0.634255765604474,0.270500424237138,2.34474961506324,0.0190398609763326,0.0340933264084436
"b3539",659.462898956623,-1.73545308186879,0.307961229014961,-5.63529729836374,1.74756589692988e-08,8.42406197133701e-08
"b3544",45439.4136556579,0.682857342813778,0.290094400110744,2.35391425188868,0.0185768958502409,0.033335591085117
"b3546",2019.15060836294,-1.01744080140715,0.217430490925594,-4.67938418883175,2.87737831514845e-06,1.05041642107227e-05
"b3547",297.055936192254,1.10193343225095,0.262520142331427,4.19751955969832,2.69854356933935e-05,8.46062218857172e-05
"b3552",655.157914206595,-2.64090276637531,0.266724487848845,-9.90123849397708,4.11151469788231e-23,7.75157571040744e-22
"b3555",9496.3097718256,2.05603934232166,0.178691293794387,11.5060969041248,1.22916558989692e-30,3.75116577866382e-29
"b4793",30.1611984057109,-2.78109442938929,0.719644139631461,-3.86454120339746,0.000111298201906573,0.000313289298266544
"b4455",29.0443008161835,-5.01001060764989,1.0694138718092,-4.68481917031255,2.80207207513101e-06,1.02380617938895e-05
"b3557",169.960711066809,-4.09158115419137,0.505277728098486,-8.09768752244283,5.601372156212e-16,5.98514374978622e-15
"b3559",10548.504583833,0.833724201843643,0.168379825592204,4.95144949171538,7.36627394887346e-07,2.91762223073027e-06
"b4553",158.069032488039,-1.78827386477958,0.345903404391888,-5.16986488734747,2.34263304072815e-07,9.81961399087828e-07
"b3561",147.631002799294,-1.16941690048723,0.3266892833985,-3.5795998213408,0.000344120781243233,0.000887932088828342
"b3563",10.1040528082185,-3.3501020981697,1.28978766727986,-2.59740590110852,0.00939308528586611,0.0180623154046437
"b3564",461.383418264463,0.553671404429242,0.222453372542825,2.48893239109087,0.0128127328545116,0.0239118401974651
"b3565",640.803192256498,0.622985101126257,0.222144030494472,2.80441972597486,0.00504072378894341,0.010255515737505
"b3566",356.664429722076,0.89303396477679,0.318164319474317,2.80683253940069,0.00500312431504679,0.0101892559128599
"b3569",320.062071702278,-0.674746138129424,0.25608233925562,-2.63487962540008,0.00841671260965213,0.0163553343518755
"b3571",359.583527354973,-0.833129656990595,0.251304334898239,-3.31522198901964,0.000915703748172796,0.00218348246191624
"b3573",407.948224627634,-0.733359908710325,0.28881920037746,-2.53916605181335,0.0111117070170884,0.0209772412845968
"b3574",539.013363288493,-0.640900461372878,0.214381732609208,-2.98952925500029,0.00279407689678054,0.00599821568630721
"b3577",7.04335245800438,-6.00902441996288,1.93601787589668,-3.10380626892701,0.00191048384564278,0.00424529726203073
"b3578",25.9648409036925,-1.88524808035399,0.839164730456547,-2.24657687809201,0.0246670812458,0.0429019100634209
"b3584",74.929498847356,-1.14343176204703,0.493701875817169,-2.31603690011191,0.0205562540270794,0.036485200662289
"b3585",327.119545041377,1.2918598730604,0.267928159599784,4.82166516199754,1.42364774448206e-06,5.44554890179704e-06
"b3586",72.9202004694009,-1.12515758514146,0.426129547962654,-2.64041203085045,0.00828052867002348,0.0161498862612596
"b3588",18158.1200821662,2.79099955989114,0.164844353710872,16.9311201570568,2.65283226265793e-64,2.1232668789047e-62
"b3590",2448.69797483606,0.684948267063519,0.185343692132072,3.69555747586726,0.000219404837095848,0.000586092770126315
"b3591",2061.7449340764,0.804628152217954,0.248252746475642,3.24116515785215,0.00119042193148344,0.00277917987526293
"b3598",131.517595683542,1.0273907338575,0.349411601453611,2.94034522489633,0.00327846746402048,0.00694321466918367
"b3599",4409.36147153171,0.579342719999286,0.203310322881973,2.84954896429735,0.00437812662235547,0.00908166901321853
"b4554",2099.22677724112,2.3795040493447,0.178029733101036,13.3657676608113,9.58411092442899e-41,4.14855087157426e-39
"b3603",1356.98555954724,-1.42076959003524,0.229864002049929,-6.18091383324402,6.37315972098912e-10,3.63372896995106e-09
"b3606",306.942724398488,-1.42789520458668,0.259911754204376,-5.49376925625258,3.93444490691087e-08,1.81412122772999e-07
"b3610",1516.39836895138,-0.421787004302175,0.193451492286863,-2.18032437649393,0.0292334253781188,0.0497425553365343
"b3611",2126.02339450812,-0.76239892620946,0.191363220101984,-3.98404105973527,6.77531583058379e-05,0.00019766774245761
"b3613",943.74277185145,-1.60394828190594,0.207501636510337,-7.72981027465795,1.07706984507249e-14,1.04313476776199e-13
"b3614",463.597127515624,-1.52085783260833,0.226254697695876,-6.72188400106772,1.79389745428294e-11,1.22935589678001e-10
"b3615",140.811369510908,-2.18846965793605,0.416708844233306,-5.25179555994922,1.50623593710055e-07,6.44748016668067e-07
"b3621",634.70510150372,-0.473352454877699,0.212620737998873,-2.22627604124019,0.0259956972662996,0.0448449564065242
"b3626",603.366117491633,0.639237156449735,0.267951552131785,2.38564453672335,0.0170492213268572,0.0308544355241161
"b3629",646.550351667823,0.502740373592951,0.22567824025233,2.22768651966995,0.0259014265690653,0.0447005091562144
"b3633",1630.7834694006,-1.17552400685524,0.180928901942334,-6.49715990223556,8.18504529798065e-11,5.21335768078587e-10
"b3634",506.374056502687,-0.93305738953918,0.243478208718278,-3.83220081357998,0.000127002003874818,0.000353970105411944
"b3635",355.318219855967,-0.756385400107908,0.339778929986784,-2.22611037163878,0.0260067893980726,0.0448458539132619
"b3636",1578.66101327819,-2.0082221457203,0.222015376082048,-9.04541920095724,1.49092000230614e-19,2.21207396165729e-18
"b3637",12453.037499029,-1.77333924671388,0.193741166347079,-9.1531360120803,5.53042852751509e-20,8.50002819337646e-19
"b3639",1130.02381204304,-0.662762261837996,0.244078592215732,-2.71536416127886,0.00662029291125125,0.0131476041804905
"b3640",771.97806165746,-1.4212175138945,0.207660700537313,-6.84394066964603,7.70438404233512e-12,5.46521690762301e-11
"b3641",775.750866951969,-1.48523610018742,0.24156646141986,-6.148353920729,7.82911848306275e-10,4.39882392121221e-09
"b3642",105.574749603719,-1.64358330904987,0.435338196965046,-3.77541718256769,0.000159740091684782,0.000437172560597964
"b3643",1017.40864071875,-2.42178698475153,0.247103985470971,-9.8006795808481,1.11830702182783e-22,2.05361834917474e-21
"b3644",2931.51229157992,-0.516274762322797,0.205215951355755,-2.51576331621415,0.0118774916210944,0.0222939466622489
"b3645",1672.20576348846,-1.86571674205558,0.251897349939054,-7.40665490330478,1.29524931925003e-13,1.13280774099787e-12
"b3646",481.473294808039,-2.32553991976443,0.2497679263692,-9.31080284634659,1.26869686639612e-20,2.03087249330278e-19
"b3647",608.573421006767,1.29606162731226,0.221178886359105,5.85978909943503,4.63455386471686e-09,2.38237258743421e-08
"b3650",4159.78322237184,-0.827855853892527,0.176006818081112,-4.70354423151388,2.55683672213718e-06,9.44782349765324e-06
"b3651",726.572227002049,-1.66024477437435,0.205331735997468,-8.08567056772376,6.1823088031095e-16,6.54650030427324e-15
"b3652",1715.15382459072,-1.28810430296256,0.181906621333272,-7.08112928227398,1.4298442898198e-12,1.10682472215613e-11
"b3654",858.592860476733,-1.20317169607573,0.219127017422309,-5.49075011483836,4.00230273359902e-08,1.84140652884241e-07
"b3657",70.3006192294641,-1.24540662693519,0.438766079908887,-2.83842959600207,0.00453361195584725,0.00936755086054751
"b3659",37.3587113546834,-2.98392556924013,0.683822105460105,-4.36359916623698,1.27939904699314e-05,4.29028518367185e-05
"b3660",363.086214867638,0.667084862570028,0.253316950853938,2.63340001654555,0.00845347208169844,0.0164117293229129
"b3662",346.157930307748,-1.41107733041963,0.387028529309028,-3.64592587770949,0.000266430770761178,0.000700681543440123
"b3664",89.884911299664,-1.04202630804574,0.402146165523043,-2.59116310779801,0.009565214409608,0.0183474885504331
"b3665",583.133381909575,-0.957546639964954,0.220417914061346,-4.3442323825751,1.39763507308381e-05,4.64273138607792e-05
"b3666",503.87326265789,-2.45290068587925,0.955284619650198,-2.5677171341641,0.0102370653644537,0.0195171376521404
"b3667",236.103846017585,-1.39804506684611,0.30169430192028,-4.63397902428908,3.58703356519979e-06,1.2819036548928e-05
"b3668",464.883301751669,-1.88658722640826,0.281453023096573,-6.70302704746903,2.04145658821299e-11,1.39226026482307e-10
"b3669",611.388846196037,-1.30193026965951,0.234280630468918,-5.55714002926175,2.74230757583772e-08,1.29254097074485e-07
"b4618",15819.0971799605,-4.31647919019776,0.164921997773811,-26.172852915096,5.41550199688435e-151,2.29725594707834e-148
"b3673",4259.01552757249,-2.17845091804332,0.218402944286263,-9.97445764828156,1.97175714745747e-23,3.89032270675097e-22
"b3675",93.7685128309281,-0.891719874968293,0.404707918097109,-2.20336651469795,0.0275689263263173,0.0472133167041736
"b3677",201.501920420391,-1.1273286378219,0.298537994377229,-3.77616470618282,0.000159261699194909,0.000436144692049584
"b3678",123.823489729113,-1.03655283606253,0.379514425041411,-2.73126070491108,0.00630925404257143,0.0125710923666454
"b3679",101.449121208487,-1.45620343266035,0.465046830690923,-3.13130492792921,0.00174031359625676,0.00389984694945652
"b3683",58.9097241133303,-2.36035191884246,0.601143562286262,-3.92643632390505,8.62137022831221e-05,0.000247441491938433
"b3684",41.7696763931901,-1.86883508974483,0.642464113202872,-2.90885522061013,0.00362754808917553,0.00764434127882892
"b3686",654.026017134234,-2.12368171119467,0.81223087574451,-2.61462814898295,0.00893246447965625,0.0172705170112588
"b3690",93.4444421240999,-2.16443412995145,0.517494151273115,-4.18252868100366,2.88284635823005e-05,8.98533008935481e-05
"b3691",107.689258092229,-0.909068097118443,0.412758549045904,-2.20242100186602,0.0276355837081269,0.0472892884590054
"b4478",194.85650888971,1.36943984465774,0.334116080639444,4.09869480701694,4.15486456946146e-05,0.000125444380808936
"b4477",111.209352095389,1.70951482465853,0.358597624898203,4.76722294282853,1.86782588160891e-06,7.01178530069469e-06
"b3693",254.037190266616,1.63328407570979,0.286793854760367,5.69497584623804,1.23389387907419e-08,6.03711399657751e-08
"b4479",336.724636075343,2.00723137833512,0.301690786064751,6.65327371948414,2.86644379735458e-11,1.90587062513763e-10
"b3696",164.631373994685,-1.37047004847665,0.35305082661808,-3.88179249317885,0.000103689339054313,0.000293624950779969
"b3697",1068.74195303016,1.15164443923116,0.215100682747023,5.35397853936891,8.60410693934336e-08,3.77051876412134e-07
"b3699",17276.223513977,1.09498661455678,0.172381527690261,6.35211109466598,2.12379846504823e-10,1.2851858899764e-09
"b3700",961.861854170318,-1.86014812786649,0.201240156174696,-9.24342419140095,2.38732358728729e-20,3.79289387912834e-19
"b3701",2977.49637253714,-0.974019500284675,0.170304444628084,-5.71928408804461,1.06973811167272e-08,5.29501641740451e-08
"b3702",4897.89806889733,-1.40722178524273,0.178612130209845,-7.8786462240243,3.30947048611182e-15,3.31885905486675e-14
"b3703",4830.57875443128,-1.92536915755029,0.195490188186812,-9.84892988956763,6.92776298340002e-23,1.28892853401679e-21
"b3704",1431.01910106469,-3.00620499292713,0.241395557561064,-12.4534395881195,1.33945670799035e-35,5.07319228151344e-34
"b4557",356.828318985372,-3.09064100790419,0.283934908239518,-10.885033570078,1.35848565536389e-27,3.6016850937835e-26
"b3705",10180.2390305151,-2.00228470239836,0.171439821157966,-11.6792276664442,1.6276769864778e-31,5.39422326299907e-30
"b3706",1454.97214264491,-0.679516116290421,0.183030356877978,-3.71258696033378,0.000205151538696105,0.000550444545951219
"b3707",6183.50956348379,-3.63294383566732,0.246934381161466,-14.7121831256532,5.38419738000188e-49,2.81972410937876e-47
"b3708",128999.643754412,-1.85364794162726,0.266039011385646,-6.96757942368174,3.22440429117768e-12,2.39543310038104e-11
"b3710",286.094776956104,-1.81572518245197,0.290097129601533,-6.25902498568664,3.87391809001903e-10,2.28874102198617e-09
"b3711",329.024578764118,-0.588434554137156,0.261622423371037,-2.2491747708591,0.0245013789387884,0.0427012528588087
"b3713",1368.21517942347,0.817442312417188,0.185721245249586,4.40144750978085,1.07531083617198e-05,3.64043780290625e-05
"b3714",1704.20075411256,-1.79882359403041,0.244270559823243,-7.36406219125245,1.78396517465542e-13,1.51351605417766e-12
"b3715",214.693332927686,-1.21462700027589,0.325214286102883,-3.73485130321625,0.000187826132632316,0.00050846104315653
"b3716",85.4667404481767,-3.74171846362602,0.497360104450868,-7.52315762792681,5.34688950451662e-14,4.89881323502365e-13
"b3717",166.771929161097,-1.94212325612989,0.347775394250836,-5.58441824302589,2.34483791303344e-08,1.11636390876407e-07
"b3718",69.2204608286251,-1.33822336948904,0.467822484599762,-2.86053666410228,0.00422924647356761,0.00879789873910618
"b3720",33.49639382402,-4.09524666488037,0.967406710724008,-4.23322127031297,2.30367647743794e-05,7.3475155017231e-05
"b3721",25.1276217780231,-2.6482778771771,0.846299073082929,-3.12924586757476,0.00175255596995524,0.00392313584408977
"b3722",928.158024144268,-3.40963417310302,0.320977189232845,-10.622668175431,2.33781678319434e-26,5.69943608868413e-25
"b3723",34.5103065778858,-4.80920635128207,0.928764639255527,-5.17806788503167,2.24195656906745e-07,9.4442698768462e-07
"b3726",616.813937877757,-0.693746722850626,0.26029283143224,-2.66525481717396,0.00769300061028554,0.0151362284734839
"b3727",499.510328757478,-1.26852109840652,0.277367733716874,-4.57342705803473,4.79810765633762e-06,1.69049606961663e-05
"b3728",1229.22693535833,-1.84852571661118,0.29746371045601,-6.21428984993631,5.15572826115936e-10,2.99597250463534e-09
"b3729",14233.1623321947,-1.13704604729096,0.180926076907941,-6.28458908037622,3.28722003957622e-10,1.95573455931028e-09
"b3730",7351.06141379475,-0.814984845006386,0.164905723407718,-4.94212588965996,7.72752896370295e-07,3.05500259683391e-06
"b3734",24878.9403998344,-0.586883837098698,0.17127920023735,-3.42647464657368,0.000611470842745366,0.00150893502904354
"b3735",5218.16724482418,-0.605853177355347,0.177093332781117,-3.42109535034933,0.000623694614356844,0.00153552672902016
"b3736",8366.49897429319,-0.889407137574706,0.165733972289107,-5.36647450905975,8.02905418334201e-08,3.5258020544241e-07
"b3737",4692.35698978227,-0.695229461364739,0.170431013322122,-4.07924266724111,4.51826536465878e-05,0.000135452167327792
"b3738",6782.83003465471,-1.36004094964539,0.198942596279135,-6.83634865072898,8.12370967801159e-12,5.73390623196758e-11
"b3739",2267.12582673335,-1.96248163792552,0.193595560689642,-10.1370177649457,3.78477737447701e-24,7.98757493658282e-23
"b3740",629.433667019391,-0.972001660598889,0.254996276322212,-3.81182688083913,0.000137943478931862,0.000381955768687309
"b3741",4443.10397761491,-1.80665312584255,0.199732058132455,-9.04538381437215,1.49140300102307e-19,2.21207396165729e-18
"b3742",1788.84251662427,-1.41103117294844,0.200601617576455,-7.03399698365172,2.00699464491459e-12,1.52574754188669e-11
"b3743",175.161061544851,-1.01620544632004,0.325764973042274,-3.11944355720578,0.00181192971773313,0.00404537150664417
"b3744",6554.41006871122,-1.35948520138409,0.231917033780135,-5.86194631427083,4.5747294545783e-09,2.35509737212635e-08
"b3747",1088.77199397302,-0.759995133745751,0.225716202598921,-3.36703845357614,0.000759800929320758,0.00183865881423194
"b3748",5127.04692222429,-0.625224239310999,0.253305876049223,-2.4682579380413,0.0135772445447096,0.025183502998976
"b3751",10830.926506533,0.687491746299777,0.252123898398634,2.72680119047176,0.00639515579265818,0.0127362680152376
"b3753",481.122830580775,-0.624140762325433,0.267598824317409,-2.33237482981284,0.0196809810494207,0.0351375090958092
"b3764",1912.10059738197,-1.72173515088214,0.191417095006266,-8.99467809197387,2.36925499613223e-19,3.46564817020446e-18
"b3765",621.052082280316,-1.03205498318084,0.291877548978527,-3.53591767092975,0.000406361312911076,0.00103717490335065
"b3769",19.7239121329605,-2.69410805187383,0.914975377677443,-2.9444596189162,0.00323519160792914,0.00685896838110065
"b3770",699.426742677334,0.482264280197941,0.208727164138018,2.31050080227723,0.0208604441725947,0.0369632431830186
"b3771",879.976631479917,0.541688499534616,0.203993273687555,2.65542333696889,0.00792089353792358,0.01554136465674
"b3775",581.844000439785,-1.79440848890061,0.288408549456608,-6.22175900222607,4.91611774529531e-10,2.86458399389323e-09
"b3778",1131.1799184401,-0.773294261529374,0.263197954939477,-2.93807093488699,0.00330261449481543,0.00699086361627099
"b3779",4799.50457192812,-0.680688254726135,0.180033446986037,-3.78089886141505,0.000156263150491479,0.000429583577334716
"b3781",9614.74622354741,0.83953768127068,0.161637295295006,5.19396021653561,2.05867151458039e-07,8.6807997662525e-07
"b3782",1571.12937265167,-1.05199138002837,0.179867664381733,-5.84869650498008,4.95440106619087e-09,2.53517120902071e-08
"b3783",12251.2418733089,-1.34063983505873,0.187228606419427,-7.16044337827009,8.04165406095071e-13,6.36430905346136e-12
"b3784",1989.95808647509,-1.54999319455733,0.186217367852702,-8.32356945235835,8.53532271174744e-17,9.91968190225551e-16
"b3785",2057.37751311855,-1.23340601975462,0.194098089791417,-6.35455001685009,2.09037624424531e-10,1.26858026152913e-09
"b3786",1271.21797573724,-1.38355922798296,0.194285877705367,-7.12125474236018,1.06948910155487e-12,8.41701812392534e-12
"b3787",1549.05127441284,-1.27922076782029,0.220582122997585,-5.79929484056282,6.65943557112475e-09,3.36011291791231e-08
"b3788",1188.80709765941,-1.14199755194856,0.216117567291636,-5.28414957775047,1.26290035784198e-07,5.43328936913355e-07
"b3789",959.925698295632,-0.848464176311253,0.193031035061231,-4.3954806336821,1.10527918415931e-05,3.73593171251297e-05
"b3790",448.790684937741,-1.18045367959168,0.236678504240849,-4.98758298045701,6.11393621944913e-07,2.43982290149607e-06
"b3791",1139.80331493886,-0.566389096962036,0.20274128053802,-2.79365453083355,0.00521161219773513,0.0105677145998052
"b3792",763.013458911045,-1.00193112189003,0.214309769220564,-4.67515375306506,2.93733469321118e-06,1.06954281275552e-05
"b4481",634.745895107608,-0.741952559809616,0.223169517802099,-3.32461425340158,0.000885409465351673,0.00211719670350721
"b3793",456.797019908748,-0.901955146651161,0.250263669483471,-3.60401950675758,0.000313333524637785,0.000813439909126979
"b3795",1244.82073118025,-1.53748526865252,0.186648781099339,-8.23731748794132,1.76114687502649e-16,1.9975361079846e-15
"b3800",531.22902751292,-1.68948267128586,0.404228624788541,-4.17952259607953,2.92121694379597e-05,9.09823955622798e-05
"b3801",338.681020449778,-1.58600096019044,0.396265410519105,-4.00237042671171,6.27110132147865e-05,0.000183715551144423
"b3802",3883.45653762358,0.453280856081298,0.173930435507842,2.60610430116965,0.00915785701255044,0.0176499906620804
"b3803",3267.90014589295,0.688473953093539,0.169892380845734,4.05241217802869,5.0692255139185e-05,0.000150902839509069
"b3804",1324.79365243537,0.912005711007412,0.183344232338698,4.97428088887264,6.54902915317215e-07,2.60609584125293e-06
"b3805",3833.4622042292,1.07735980461386,0.174815742056926,6.16283060059341,7.14559382786354e-10,4.05235414676432e-09
"b3806",9528.4548238878,0.680083127660343,0.166570045661963,4.08286570948357,4.44837309150015e-05,0.000133545638033571
"b4558",1408.20902847536,1.28840856226109,0.217654640859267,5.91950880153369,3.22904559457965e-09,1.69315345021099e-08
"b3809",3098.1214126928,0.865027322301882,0.169545908539533,5.10202416415247,3.36039831952576e-07,1.38396210402216e-06
"b3813",6085.55215623915,-0.923527168426911,0.164886777187434,-5.60097773866424,2.13146111737505e-08,1.01935265613359e-07
"b4482",177.65366348706,-2.91336063691495,0.397590707797636,-7.32753703690121,2.34420897875325e-13,1.96136774908704e-12
"b4799",60.4833536966697,-1.87916925761053,0.516495522812534,-3.63830696416818,0.000274436211147037,0.000720841119310049
"b3816",1473.06289129594,-1.9749059528614,0.219664272037618,-8.990565168118,2.45962333683407e-19,3.58547154462203e-18
"b3817",42.1417185837755,-2.90426133473898,0.676371527086136,-4.29388467496669,1.75573698943293e-05,5.74678727559761e-05
"b3818",21.6063793391754,-3.69660040774498,1.09893176638597,-3.36381249574929,0.000768737518545181,0.0018570527071006
"b3819",313.513929893989,-1.1924131690273,0.289378537782752,-4.12059988333514,3.77887195087136e-05,0.000114910213731873
"b3820",244.148229617181,-1.76182899974608,0.295566604761061,-5.96085271937388,2.50925051749594e-09,1.32555923975315e-08
"b3821",675.408447885368,-1.48024939406283,0.227162342483568,-6.51626223730239,7.20809167019986e-11,4.59800373909591e-10
"b3822",1349.80044463924,-1.36570667309428,0.187313205949624,-7.29103250446512,3.07588539352189e-13,2.53357394938249e-12
"b3823",1004.45561601128,0.775947976797671,0.196050276316887,3.95790300006241,7.56106492282804e-05,0.000218487993205971
"b3828",981.555750788541,3.74089197696492,0.410165116953538,9.12045374494553,7.48104509238809e-20,1.14153213244282e-18
"b3829",1837.32599665015,2.72413056901002,0.74363731537902,3.66325157798405,0.000249033731379054,0.00065819382461679
"b3830",2041.32260257107,0.698252284570545,0.238207984398153,2.93127153707597,0.00337577567898566,0.00713860440192282
"b3832",4441.95599865403,-2.11077281688657,0.241697957935966,-8.73310157401406,2.4778238517352e-18,3.28466524345648e-17
"b3833",4516.64355581151,-0.798072200246376,0.212117332306579,-3.76240918914113,0.000168284420509571,0.000458780534576864
"b3834",2425.33130273264,-0.868711936970082,0.231654331533955,-3.75003537044914,0.000176809629120446,0.000480170580492274
"b3835",3922.89754187136,-0.939595657045523,0.239417002823484,-3.92451515959483,8.69045869729975e-05,0.000249255752494561
"b3839",1602.30783936561,-1.03741317270875,0.200383454699416,-5.17713987047938,2.2531329913045e-07,9.48193467173977e-07
"b4483",564.58848252132,-1.01176193400549,0.217429299187006,-4.65329161151965,3.26677735395883e-06,1.17537485457959e-05
"b3842",441.280511277821,-1.09104956922453,0.266186745548159,-4.09881253470276,4.15275209027948e-05,0.000125444380808936
"b3843",6859.10059895774,0.379364741183864,0.16957898900677,2.23709755203647,0.0252799649317517,0.0437704535675472
"b3846",5911.39120071153,-1.63829371969718,0.310039143295362,-5.28415122775787,1.2628889766595e-07,5.43328936913355e-07
"b3858",968.619105576503,1.40735362735562,0.197826871217557,7.11406705617816,1.12672364559988e-12,8.81067269150633e-12
"b3859",1356.79219607028,-0.754811126711425,0.234717161387359,-3.21583271649124,0.00130066625424537,0.00299697243373649
"b3861",89.925285539763,-2.80942468089081,0.51546495378003,-5.45027292406325,5.02925799768921e-08,2.27685298038395e-07
"b3862",160.43311591752,-3.08962391919652,0.425259974743814,-7.26525914191143,3.72323793610105e-13,3.04902998550978e-12
"b3863",7510.73001841835,1.53804348223813,0.206665382795351,7.44219211478282,9.90280626301401e-14,8.88112138852123e-13
"b3866",2200.53435173495,0.827691790322499,0.173336130360402,4.77506789035589,1.79646638615149e-06,6.76786004445348e-06
"b4686",602.249978944341,-0.735492392029199,0.234557554233021,-3.1356585143215,0.00171468735166031,0.00384648532297357
"b3868",753.942496734651,1.09907252771479,0.260873818165105,4.21304267114763,2.51953441151922e-05,7.97601863706307e-05
"b3871",9213.81292411272,-1.0452726221272,0.273659171710503,-3.81961479892576,0.000133660242073431,0.000370821940402546
"b3872",298.610931044125,1.03179435335506,0.256943064614494,4.01565364258079,5.92812636083359e-05,0.00017439051333326
"b3873",283.632913140767,1.29632873098629,0.345272096415442,3.75451345314192,0.000173678517133995,0.000471969423243055
"b3875",16.5488169398972,-3.26279607073512,1.28611108563465,-2.53694731907629,0.0111823780214777,0.0211012667113472
"b3876",54.8278726959551,-1.43100203821531,0.538507827554019,-2.65734677379738,0.00787583837060144,0.0154744355572447
"b3877",60.5644020953816,-1.62139806972389,0.547208150296798,-2.96303713467072,0.00304619817166328,0.00648367919929534
"b3878",63.9128585942105,-1.24988713773906,0.544910996821019,-2.29374548326394,0.0218051225237398,0.0384924385125693
"b3884",549.997350557676,-1.42720658323225,0.258418614026787,-5.52284744892374,3.33549323962718e-08,1.55144323711606e-07
"b3886",1042.30739572834,0.71333556634832,0.220793131522293,3.23078694264679,0.00123449922883888,0.00287102287759568
"b3888",1185.71542045944,0.517295868653933,0.196313408352241,2.6350511307193,0.00841246098294274,0.016354564385721
"b3896",70.0331838505747,-1.24456931497507,0.438054343709273,-2.84112994848207,0.00449539903089525,0.009293120218839
"b3897",93.9796837784964,-2.20816726322353,0.467317202393059,-4.72520003953598,2.29888942559027e-06,8.51693357498158e-06
"b3909",219.868783421904,-1.32365675516837,0.318040717921861,-4.16190971966544,3.15597128882008e-05,9.77913090370693e-05
"b3911",2994.52821353105,0.401870543928505,0.171754587492687,2.33979510995953,0.019294321545475,0.0345343932472174
"b3912",2186.75168766528,0.422927752675277,0.179622282975971,2.35453945728913,0.0185456746638187,0.0333068382404399
"b4484",6860.60882842593,-0.99055616831265,0.277853719862384,-3.56502755767767,0.000363817959942022,0.000935910118904826
"b3916",6751.2714309219,0.468233983149279,0.173357981521116,2.70096582251822,0.00691384428551527,0.0137049193734373
"b3918",160.925516587483,-2.76153702736892,0.373336024778089,-7.39692085437074,1.39378564124466e-13,1.20662014084895e-12
"b3919",10203.5226051391,0.806913810447688,0.170928592899533,4.72076553582799,2.34958654855777e-06,8.69716067974002e-06
"b3920",178.858378040184,-0.69441292085538,0.297406481514051,-2.33489504774822,0.0195489041308602,0.0349417688777106
"b3922",830.476961067608,2.21170129618064,0.210611723030519,10.5013209348283,8.51797160907818e-26,2.00740197587276e-24
"b3923",1079.07428739411,2.18954366997644,0.208193748132803,10.5168560036672,7.22441460673329e-26,1.71206518222138e-24
"b3925",1031.17312926341,-0.90765981490527,0.196124975414573,-4.62796649425521,3.69273741183903e-06,1.31524702779355e-05
"b3929",5439.16768342794,1.16511887564722,0.19241990097813,6.05508510151264,1.40343449755833e-09,7.58390973075471e-09
"b3930",419.879934296946,-0.994760720147067,0.232945119039823,-4.27036515831443,1.95153181950485e-05,6.34455784797972e-05
"b3931",4846.63210319863,0.955763959518908,0.170767665830557,5.59686726916591,2.18259674197052e-08,1.04263236254943e-07
"b3932",1574.39411362795,0.92434709012759,0.194700832817544,4.74752509658653,2.05920845484885e-06,7.68940340270142e-06
"b3935",1075.65160568995,-0.682692987426817,0.207995255106921,-3.28225269886986,0.00102981272191074,0.00243504212170866
"b3938",2723.2140235293,2.27085343131648,0.276846691654467,8.20256661817271,2.35308264351064e-16,2.61988886450712e-15
"b3939",1117.26213798948,1.54401673553722,0.320944755649359,4.81084893383988,1.50290579874382e-06,5.73320719269001e-06
"b3941",1730.52729071872,3.63455019582079,0.37558525392009,9.67703113443875,3.77519572010674e-22,6.64497105588913e-21
"b3942",16724.3736248205,1.87766667047453,0.218658792390864,8.58719948987055,8.91148255525438e-18,1.12843310445938e-16
"b3944",60.5581133645236,-1.76401278913245,0.509600163680842,-3.46156244611656,0.000537049512681259,0.0013393086612545
"b3945",2276.78740648594,1.51783475654282,0.277477823231124,5.47011194937386,4.49751402648304e-08,2.0558679418471e-07
"b3946",114.963519654563,1.14774274147382,0.349471239829376,3.28422659911637,0.00102262664333126,0.00242201318630907
"b3951",308.789143846311,0.73222694062528,0.25409154211121,2.8817446442385,0.00395480092606162,0.00828866873930504
"b3955",1136.91438477807,-0.919034864330678,0.193142470364439,-4.75832613405306,1.95204927508127e-06,7.31501150609078e-06
"b3956",7374.21017376895,1.80117563527936,0.199530624740612,9.02706357793886,1.76339971063842e-19,2.60639079182167e-18
"b3957",818.717883251213,0.460279086310487,0.202007613967319,2.2785234539969,0.0226954087360873,0.0398319916667283
"b3960",990.759310348041,0.860365544962465,0.19347702436818,4.44686157321305,8.71339467173397e-06,2.99531768213092e-05
"b3961",2903.1704985182,1.39627089579217,0.176969433569827,7.88989865439808,3.02432033654472e-15,3.04008693545562e-14
"b3963",2348.07866575874,-0.480235846107135,0.17952017907903,-2.6751078824165,0.00747052063459632,0.0147326585457729
"b3964",1697.94732148194,-0.660206854680622,0.208622103839467,-3.16460644644178,0.00155292845895141,0.00351522012960079
"b3965",2661.93632339045,-0.715913259385965,0.189247780900165,-3.78294136914416,0.000154985931959698,0.000426362077414421
"b3966",1372.34058271396,-0.569559490627823,0.202663434800557,-2.81037125018794,0.00494843831723748,0.0101016724454867
"b3967",48.5779780364146,1.20322552995131,0.520700348143347,2.31078303335428,0.0208448421309067,0.0369510323106169
"b3972",451.917137284268,-0.635610043499685,0.252207389697045,-2.52018802566883,0.011729216101908,0.0220546696384281
"b3973",952.487732334196,-1.05286418124151,0.207246203271471,-5.08025799566695,3.76922621410252e-07,1.54483648311332e-06
"b3974",776.457226310232,-2.0095154777061,0.223661602369217,-8.98462434508012,2.59619652604894e-19,3.77159782996562e-18
"b3980",34033.4145805924,-1.21529184337946,0.175398554911546,-6.92874490324245,4.2459063273372e-12,3.08409839735692e-11
"b3981",5526.42184163657,-0.662364119303246,0.183341528027651,-3.61273371302628,0.000302985810096667,0.000787540322567439
"b3982",5853.21089367974,-0.781643715224063,0.191298952181822,-4.08598011807792,4.38911368908849e-05,0.000132140669049776
"b3983",15831.6313250146,-0.875319058175668,0.186764500389423,-4.68675286979345,2.77573804155048e-06,1.01593449286084e-05
"b3984",36302.5001391222,-0.943065485947522,0.201812040436299,-4.67298920276858,2.96847377904566e-06,1.07995418273685e-05
"b3985",29973.1547879233,-1.15830445395359,0.181328974677022,-6.38786192894285,1.68221116281828e-10,1.03720054544697e-09
"b3986",24214.9667217296,-1.0889410826667,0.184428793081349,-5.90439846443272,3.53935772353721e-09,1.84220312432452e-08
"b3988",70998.971842155,1.0160435626254,0.175507886995326,5.78916184349286,7.07385141790162e-09,3.56380970483832e-08
"b3989",263.215986832799,-1.5277566564898,0.280991967580975,-5.43701184643129,5.41815371459992e-08,2.43472542980221e-07
"b3990",4039.38768434295,1.0717855705448,0.241281143712487,4.44206104983466,8.91012698456395e-06,3.05799018353724e-05
"b3991",2755.95766685487,1.04012870832696,0.246308039630278,4.22287762059351,2.41202803100315e-05,7.6536507673226e-05
"b3992",2213.03200263332,0.777538211816852,0.249343272505872,3.11834445743284,0.00181870110451169,0.00405835354305029
"b3994",4506.06757282061,-0.565158093830698,0.205253052603426,-2.75346985909463,0.00589671996526426,0.0118148605105262
"b3995",2113.66929685844,0.626190361592576,0.218607035059088,2.86445658724259,0.0041772540965142,0.00869475558263652
"b3997",2883.42086569521,0.477168909865639,0.172721549309838,2.76264838853237,0.00573344934805911,0.0115321442079027
"b4000",5019.83676215257,-0.460978105252409,0.203757476348998,-2.26238621282706,0.0236735520041668,0.0413604644158466
"b4001",388.647989607545,-0.633636194254822,0.240107575840509,-2.6389679377535,0.00831588453705191,0.0162087046476469
"b4002",48.4469263948869,-2.0072054982765,0.563972479676846,-3.55904866036481,0.000372200573492211,0.000954002920093025
"b4005",1726.20273169859,1.48601450848256,0.200192187297091,7.42293956895168,1.14549050328179e-13,1.01656291107141e-12
"b4006",1504.25113148269,0.671578212362969,0.189124128150732,3.55099171602114,0.000383782496326865,0.000980726114107567
"b4013",591.67734979061,2.98111710171363,0.371258212131674,8.0297674348987,9.76576101383005e-16,1.01784663932843e-14
"b4014",48372.8858605664,3.57232234481605,0.260337590626246,13.7218844816946,7.50880699415941e-43,3.38854885842811e-41
"b4015",112034.86944956,3.35969854730218,0.262974114119104,12.7757766522242,2.23901506244529e-37,8.71367146320453e-36
"b4016",24660.2398499836,3.66863675065072,0.266759840171329,13.7525826537252,4.91433796448282e-43,2.26593713536262e-41
"b4018",5277.10171036635,1.71319499437203,0.203187645802528,8.43159035385961,3.40998853817916e-17,4.13290610827314e-16
"b4019",4056.59099568488,1.06571822745222,0.19259409555964,5.53349376758127,3.13914142527333e-08,1.46787744242703e-07
"b4020",1150.36955350462,0.907628447609116,0.201986018024784,4.49352116787483,7.00550542316083e-06,2.42788839910525e-05
"b4021",618.709623485052,-1.48357909711901,0.271307556216074,-5.468255723543,4.54485863395724e-08,2.07304197045662e-07
"b4023",993.259036651478,0.852148283294009,0.217828742322054,3.91201029859563,9.15310075734692e-05,0.000261816948163625
"b4025",10351.1595213319,1.00601627845153,0.170710162828862,5.89312470787147,3.78960184304476e-09,1.9676243596323e-08
"b4026",304.39300397424,-1.63116345498539,0.326313423044818,-4.99876296771694,5.7699278163027e-07,2.3090597921468e-06
"b4027",23.2228027273773,-2.94581990660856,0.890777696063264,-3.30702028084833,0.000942940649307391,0.00224212681298316
"b4028",23.5501784597598,-2.50993930340832,0.790948143924404,-3.17332978487678,0.00150701238961493,0.00342010490121689
"b4029",322.743314242382,-0.977114075817076,0.283408557311956,-3.44772255673826,0.000565334431053332,0.00140736423505178
"b4032",1342.61716501979,-1.89876345876477,0.35852398727705,-5.29605696172708,1.1832994003724e-07,5.1115642121993e-07
"b4033",1695.56863194539,-2.2169161284796,0.389825350635787,-5.68694705170896,1.2933053297979e-08,6.28430837228258e-08
"b4034",11154.6802477265,-2.27942648213435,0.77392830307651,-2.94526828011484,0.00322674743123771,0.00684735497914476
"b4035",2090.92931918606,-3.44304496596567,1.06860265901685,-3.22200673647341,0.0012729614217972,0.00294593690739974
"b4036",9785.78259123137,-3.32248544618602,0.779051811506604,-4.26478110584286,2.00098275709356e-05,6.47951821037472e-05
"b4037",1972.21923483445,-2.35550598138151,0.352938408547803,-6.67398595430135,2.4894745353419e-11,1.66830189240448e-10
"b4039",1037.9690494336,0.586662884666948,0.203094962203961,2.88861367264139,0.00386944143816585,0.0081218063239483
"b4040",1521.39137790029,0.478164465544266,0.207382701011576,2.30571047253153,0.0211268155515782,0.037403986464856
"b4042",1016.92101416146,-1.22538469317343,0.232111955501313,-5.27928296725111,1.29690391520841e-07,5.57392746536379e-07
"b4043",11656.8923376762,-1.08626146635233,0.165497137839884,-6.56362690334426,5.25145018726499e-11,3.42717718375048e-10
"b4044",2307.01580036222,-2.10005448169376,0.213080026571997,-9.85570780837206,6.47587857511985e-23,1.21016197866336e-21
"b4045",13401.294542215,1.89027581215616,0.171573634588665,11.0172860573126,3.15426130615661e-28,8.63250094239765e-27
"b4046",1738.62632357808,1.6958464174645,0.247376573444096,6.85532341989423,7.1151360471575e-12,5.05567958325663e-11
"b4048",25.4502152223205,-2.11692488111278,0.770947000375219,-2.74587602011873,0.00603495651000902,0.0120756063752162
"b4049",1042.89011983441,-1.12109072331941,0.224167050302614,-5.0011396492303,5.69924103434477e-07,2.28292544548541e-06
"b4050",311.14452294888,-1.91733112890297,0.365777305771751,-5.2417990363224,1.59018508277336e-07,6.772655744101e-07
"b4051",4195.56387085692,1.75331303275664,0.176800462090197,9.91690299916842,3.51493368052222e-23,6.68625501021312e-22
"b4052",2581.0034069131,-0.437077691383917,0.171489947928924,-2.54870735376903,0.0108122988779104,0.0204575253524067
"b4054",1112.65601357803,0.561079840127614,0.203675370716766,2.75477510193346,0.00587324913976412,0.0117742546554251
"b4621",7.0478332491101,-4.48333303567542,1.87632393748008,-2.38942378025438,0.0168748249196981,0.0305649049143294
"b4056",2876.99537367145,3.07079546054022,0.183673043778859,16.718814026066,9.56028446608384e-63,7.24191548305851e-61
"b4057",2638.82587450703,2.94124626330396,0.175816649867739,16.7290541909231,8.05065646336595e-63,6.32423791066636e-61
"b4058",16464.8910328233,-0.764800871933961,0.175946597151978,-4.34677842205351,1.38151654621063e-05,4.59278463089771e-05
"b4059",3083.18135888033,-0.554908331215518,0.168969215597342,-3.28407946532627,0.00102316068596555,0.00242201318630907
"b4064",677.760979962349,-1.09457737972178,0.264848997166165,-4.13283565893605,3.58314933915452e-05,0.000109508065538137
"b4065",1442.17088854997,1.14075399232133,0.191738225405708,5.94953870000389,2.68899259759025e-09,1.41874460186291e-08
"b4067",7430.97006984092,1.26350554239098,0.371546211154164,3.40066862333505,0.00067221262204417,0.00164542754916986
"b4068",1352.1205462262,0.957127581753702,0.384866135872702,2.48691036321856,0.0128857861555576,0.0240376010870165
"b4076",32.0718725197984,-1.96884313995168,0.85130502535481,-2.3127352491912,0.0207371997433413,0.036775585832464
"b4080",42.4742604233806,-1.9151241907909,0.561761244684202,-3.40914260090602,0.000651674053453225,0.00159884403397836
"b4083",37.9099377606266,-3.31179650240883,0.779344755574267,-4.24946274254262,2.14283845171905e-05,6.87068836900393e-05
"b4087",72.5159845520689,-1.37083712086801,0.430632439394386,-3.18331132414425,0.00145600970607157,0.00332421591666071
"b4089",862.792716148739,0.484102746310825,0.21713708312776,2.2294798260046,0.025781996141098,0.044530630142727
"b4092",530.807210263751,-0.681353671002936,0.220851394537573,-3.08512279231735,0.00203468131773093,0.0045047589508427
"b4095",99.3676065868554,-1.06805145188015,0.439998324705281,-2.42739890565617,0.0152075244908494,0.0278662284622822
"b4096",344.473385008295,-0.600523026229527,0.240726272148965,-2.49463019083316,0.0126088462331465,0.0235728187399768
"b4097",74.927853940466,-1.60813928087736,0.478598616701963,-3.3601001439559,0.000779142246111584,0.00188004630717027
"b4098",29.7351519558079,-1.51332641643041,0.663301113164801,-2.28150742761442,0.0225184376931762,0.0395541253393181
"b4100",24.9177264786167,-2.0527480005488,0.885180031797792,-2.31901751825523,0.0203940864752457,0.0362428633548354
"b4101",14.4448209721056,-2.36102986166657,0.965091226433536,-2.44643179525285,0.0144278092581974,0.0266098986405537
"b4583",39.9095802627359,-1.69157281502897,0.611937928559697,-2.76428823264867,0.00570471229594886,0.0114906882998172
"b4105",23.8065235883764,-1.77138357716104,0.73935379507768,-2.39585376981116,0.0165817041152873,0.0301111253668872
"b4107",493.328383073208,2.10914919841203,0.222827080699714,9.46540784804502,2.9241765903431e-21,4.84545199071696e-20
"b4109",341.232831123722,-0.798918005334158,0.280811778588882,-2.84503025246602,0.00444072052528282,0.00919801585363756
"b4110",142.170469919785,-2.34417021410074,0.389276624070775,-6.02186226747215,1.72421593153202e-09,9.24668012839298e-09
"b4111",5224.49801080152,-0.995810946539046,0.246526980907586,-4.03935886803538,5.35975065924404e-05,0.000158771384752187
"b4113",495.694192273348,0.681705891681584,0.226192169218137,3.01383506793356,0.00257968004977975,0.00558031757836089
"b4117",589.155421205963,-1.4872999515198,0.214261617588819,-6.94151368899872,3.8792063234205e-12,2.84207136855782e-11
"b4118",834.613141809601,0.788221379834986,0.236638182042493,3.33091377321959,0.000865614110027515,0.00207571229775959
"b4122",253.092276975834,-0.891824197575034,0.291790670305953,-3.05638352535372,0.00224024500242281,0.00491117276500131
"b4123",172.867437905462,-1.47020038962927,0.313784021002091,-4.68538960312283,2.79427882460331e-06,1.02183885982476e-05
"b4128",19.8700377527224,-2.93305953647062,0.95806664214367,-3.06143582027646,0.00220278209899327,0.00483154170833995
"b4129",12835.8280565303,1.08263867975035,0.200398310864992,5.40243415763977,6.57425923505584e-08,2.92021022775988e-07
"b4130",165.582533121668,-1.0343813700479,0.354340422330047,-2.91917406218033,0.00350960195852321,0.00740683159604749
"b4131",106.869919968797,-1.6160961521899,0.382702421287727,-4.22285322040037,2.41228926824854e-05,7.6536507673226e-05
"b4132",44.53789938019,-2.22733340976637,0.606610006397632,-3.67177162637564,0.00024087488381525,0.000638220647810301
"b4133",223.524521007081,-1.21464344391173,0.30534961916451,-3.97787771026278,6.95331149205541e-05,0.000202545687884843
"b4135",2772.33156386708,0.795917162589867,0.210578277679285,3.77967362712532,0.000157034059288653,0.000431157591910981
"b4136",1267.99703251321,0.975462820956086,0.203770993323525,4.78705435472532,1.692470080939e-06,6.41023043155646e-06
"b4137",275.621360212045,0.581791525422139,0.265994683611736,2.18722990069742,0.0287257451283757,0.0489769336151808
"b4138",16841.5621677414,1.00098811420056,0.243888369939569,4.1042880168849,4.05561950660697e-05,0.000122797558508399
"b4139",91756.9199340292,0.910664360577569,0.248916085483107,3.65851953203472,0.000253676410658696,0.000670046907854413
"b4140",1173.55436068849,2.15577313712367,0.234148477198836,9.20686379392087,3.35792380401822e-20,5.27567139875751e-19
"b4142",1596.41837896742,0.605857603056115,0.198467315578285,3.05268200605624,0.00226806143176946,0.0049644564466285
"b4143",23128.4392097367,1.46344949115837,0.159632665544996,9.16760668101396,4.83637022119075e-20,7.4875483497413e-19
"b4145",231.352094450416,-0.974711097848324,0.301590385178099,-3.23190375340622,0.00122968466659978,0.00286296506899905
"b4146",1223.08122226407,-0.697615285917682,0.192959921338455,-3.61533773997582,0.000299956304940199,0.000780143866067641
"b4147",3103.18040808292,-0.837347665901555,0.17661696942785,-4.74103744738763,2.12626624430816e-06,7.91194860382038e-06
"b4410",84.4882284640389,-1.3747440309726,0.403679058421541,-3.40553715208339,0.000660340279602339,0.00161823423805495
"b4411",1770.04675234995,0.71616833074015,0.222030385576475,3.22554198552917,0.00125734392299998,0.00291456443790488
"b4149",1563.07131169314,0.468668272203575,0.205332174812879,2.2824882297705,0.0224605316046818,0.0394750684828767
"b4150",255.284189484934,-0.997848420015247,0.29074409938001,-3.43205045998555,0.000599036089355375,0.00148083396914073
"b4151",1232.81380708947,1.52249896302005,0.222089549981399,6.85533814241855,7.11440327978199e-12,5.05567958325663e-11
"b4152",927.876269943681,1.46516010702143,0.269059188382154,5.44549366937217,5.16619008509573e-08,2.33100422859897e-07
"b4153",1814.91083611695,1.50150786439837,0.220430901887969,6.81169405713131,9.64560698261045e-12,6.74080145308625e-11
"b4154",7134.51653897184,1.41272356838309,0.21768937451691,6.48963033459107,8.60472401093684e-11,5.43982701257736e-10
"b4155",638.45687229228,-1.62136750575662,0.249823303021788,-6.49005711695042,8.58038384032375e-11,5.432535559799e-10
"b4156",324.536875846504,-1.29476505330368,0.379840633260596,-3.40870602017818,0.000652717782117849,0.00160047909349359
"b4157",63.8031739862304,-2.3281937145157,0.571857241297604,-4.07128483541239,4.67545368088321e-05,0.000139769376422175
"b4158",71.7793051571579,-1.94946968053234,0.458155913169564,-4.25503551191936,2.09015839144083e-05,6.72210151364064e-05
"b4167",3306.79765020235,1.32706593409949,0.190612871325502,6.96210032864628,3.35236610460137e-12,2.48180401670489e-11
"b4168",675.214601374795,1.02458972148959,0.207490007895085,4.93801957927374,7.89199208191673e-07,3.11711642565091e-06
"b4169",2791.77586032594,0.778783953743758,0.189192326801245,4.1163612019102,3.8490094302861e-05,0.000116959154751244
"b4170",3830.56944223708,0.576468518294792,0.185439224624201,3.1086654911496,0.00187934362809221,0.00417828913541256
"b4171",10433.4438542802,0.521311339299214,0.164892815701239,3.16151638919037,0.00156949985966938,0.00354894371253598
"b4172",6351.93753146335,0.422699674854739,0.177011390089855,2.38798008783597,0.0169412596443423,0.0306721397402049
"b4173",9284.64537037428,0.678972773904504,0.17808744936505,3.81258070866476,0.000137523300543893,0.000381041045661132
"b4174",12743.3696730089,0.654609082081997,0.187633313906296,3.48876789762882,0.000485252297997561,0.00122162626000336
"b4175",7601.77567874263,0.630271284886891,0.181455862561399,3.47341373262948,0.000513882531501859,0.00128607061866129
"b4177",35036.7707432118,1.86050002756756,0.249385908031943,7.4603254139334,8.63090489819065e-14,7.75684291909422e-13
"b4178",1251.52002110263,-0.55462028086369,0.197075686892864,-2.81425014728071,0.00488911672351788,0.0100094754542292
"b4179",11858.6590500827,0.425668933673796,0.164506385830864,2.58755264437847,0.00966604240556897,0.0185284012130247
"b4180",1845.0787397654,-0.639559187759921,0.185514156274677,-3.44749533190866,0.000565810184713372,0.00140772246542764
"b4182",51.0767531762198,-2.61312573173088,0.581524266106106,-4.49357986250238,7.00357389011547e-06,2.42788839910525e-05
"b4183",20.4578110748262,-4.01956488337517,1.01214748636458,-3.97132328788622,7.14745080902323e-05,0.000207667714601894
"b4184",13.5008371270131,-4.40161869250881,1.40064357917487,-3.14256871480598,0.00167472399099996,0.00376081480668175
"b4185",17.9147164117617,-2.95473677932729,0.944924581502079,-3.12695514242031,0.00176626874510752,0.00395174684427538
"b4186",92.6192628905644,-1.38423277140845,0.416159510890474,-3.32620722387564,0.000880364518113808,0.00210642117310639
"b4187",15668.9700085616,4.27773099711217,0.206854133379501,20.6799396619458,5.25064720651202e-95,9.28051893750999e-93
"b4188",5432.00155747587,1.33589615761438,0.234330546426638,5.7009048883544,1.19173117947975e-08,5.8646446210593e-08
"b4189",8951.45183480303,1.38165265220128,0.242883392671458,5.68854311941455,1.28127761492042e-08,6.23300417717019e-08
"b4198",169.153346773804,-0.885684630976003,0.332010127678315,-2.66764341548685,0.00763852807430083,0.0150430065418682
"b4199",102.690975737949,1.29727126713201,0.429676164834161,3.01918368600388,0.00253456809009355,0.0054883296774767
"b4200",13272.2632008896,-0.941454256369499,0.242951916599624,-3.87506412604673,0.000106596624549637,0.000301254417947742
"b4201",4682.39384444237,-0.717146684645162,0.263055925436545,-2.72621376406955,0.00640654923769646,0.0127469896183435
"b4204",71.0444565734312,-4.22254830151089,0.670668322340527,-6.29603063221305,3.05364053246391e-10,1.82701595750521e-09
"b4207",1696.81679853866,-1.23508308199498,0.197104855337954,-6.26612205913101,3.7015023361937e-10,2.18992648676899e-09
"b4208",7640.48253184776,-1.47157187186688,0.248857865690726,-5.91330263073023,3.35315268731042e-09,1.75605848142849e-08
"b4210",412.497851909995,-0.690263364053888,0.242076856746472,-2.85142236780117,0.00435241128664427,0.00903716528533773
"b4211",243.238575861085,0.823160424717847,0.28585695423206,2.87962357581688,0.00398150229293248,0.00834050998845411
"b4212",229.567358784932,1.76652313282404,0.279181633140012,6.32750483244761,2.49157171339427e-10,1.50131352389467e-09
"b4214",3182.88995084272,1.64489303119132,0.172905453161469,9.51325132386213,1.8479461285891e-21,3.08621554231299e-20
"b4215",80.6438038867382,-1.81939421858534,0.426820985525577,-4.26266345911972,2.02004632181634e-05,6.51295514740623e-05
"b4216",1630.12824641188,0.765712621099841,0.260235584474243,2.94238246720493,0.00325697393968761,0.00690114058549193
"b4217",24351.9716375063,1.6843967839546,0.202962509535998,8.29905378981261,1.04943849729976e-16,1.2070772499862e-15
"b4219",1514.61705667836,0.882388716855113,0.199875114189658,4.41470025136711,1.0115004631492e-05,3.44088609837923e-05
"b4226",6133.04224059273,-1.04134488713476,0.177490646476318,-5.86704092755504,4.43641197156557e-09,2.28666580600014e-08
"b4227",3067.28500929105,1.27257861415806,0.240280043881021,5.2962309878227,1.18217282339088e-07,5.1115642121993e-07
"b4485",1357.26823475249,1.23427712026128,0.226380156887892,5.45223193246799,4.97415214697459e-08,2.25431126148143e-07
"b4230",631.837288251051,1.42867875152719,0.246073712646788,5.80589749372335,6.40221235575568e-09,3.24083350991833e-08
"b4231",577.417444218099,0.99292921609719,0.226084117936008,4.39185744298161,1.1238638228341e-05,3.79572479017697e-05
"b4232",6257.07574922785,-0.514978501058266,0.20673271556155,-2.49103534319387,0.0127371448820491,0.0237917078774338
"b4234",2463.0441819115,0.431643699437741,0.175054314987248,2.46577012094324,0.0136719045694327,0.025347997894901
"b4235",3700.05182043606,1.05586492762499,0.175104014057149,6.02992988658949,1.64030827318028e-09,8.81899581093887e-09
"b4238",3321.71451569209,1.62142468007938,0.181593942955815,8.92884781115138,4.30468586375012e-19,6.10718308830368e-18
"b4240",567.174454412953,-0.857783578680289,0.287756835366205,-2.98093206921968,0.00287372531308559,0.00615673877682276
"b4702",99.4955686187007,-1.08075186219522,0.424242876322892,-2.54748381767207,0.010850288530352,0.0205111069276975
"b4242",769.819044089988,-1.41615404387941,0.270873342043236,-5.22810415080774,1.71257034780785e-07,7.27199541081171e-07
"b4243",9008.70884305675,1.18966851118279,0.235236123471919,5.05733768106753,4.25150029439435e-07,1.72747741846943e-06
"b4244",833.486290094701,1.38988543780946,0.412000418508165,3.37350491740318,0.000742177208523586,0.00180212691388497
"b4245",1136.58483279833,1.26446132795928,0.359199736785784,3.52021785782479,0.000431192470537885,0.00109462505088074
"b4246",61.2997527002148,-1.30038387894112,0.529611395754497,-2.45535479290161,0.0140745601431309,0.0260149386174994
"b4248",195.293272978097,-0.700852900217457,0.290022301854548,-2.41654829899581,0.0156684473629675,0.0286366022032348
"b4249",120.87124448747,-0.850149943600347,0.349293665804034,-2.4339117104898,0.0149366379131568,0.0274172297826097
"b4255",8738.8924576197,1.38722844618679,0.186955360809184,7.42010520683954,1.17027337080032e-13,1.03422909144478e-12
"b4257",23.1309018331786,-2.4267799572758,0.809558105293335,-2.99766000909407,0.00272060998536656,0.00586126336105888
"b4258",11014.7469696262,0.518534382159608,0.180598986708342,2.87119209033556,0.00408926949038667,0.00852835849470023
"b4259",806.345090559966,0.770536979046842,0.202737488315254,3.80066353514585,0.000144309141821037,0.000398281964609524
"b4260",5969.84843718296,0.799676609581924,0.17155145442612,4.66143882170531,3.14006411029478e-06,1.13409963431349e-05
"b4263",2331.63388825988,0.54124851803471,0.221085250789046,2.44814394493984,0.0143594275555241,0.0265141891603367
"b4266",93.0184156163155,-1.15257446281595,0.444822800999995,-2.59108674336135,0.00956733726392219,0.0183474885504331
"b4267",107.309184670539,-0.944365527089898,0.420786986761118,-2.24428406011048,0.0248141304769628,0.0430870001978208
"b4268",33.7547192076686,-1.5657789758538,0.697888528090465,-2.24359466136809,0.0248584930706492,0.043128722947114
"b4272",37.269950830417,-2.85049666536565,0.731206153024422,-3.8983488494666,9.68508246686792e-05,0.000274994108597414
"b4273",33.4184665639107,-4.16288552132521,0.875562853063177,-4.75452505409664,1.98913474447286e-06,7.44740475379866e-06
"b4277",65.2939489284186,-2.42406384948988,0.507426499448814,-4.77717236313632,1.77777380953171e-06,6.7093563167558e-06
"b4278",400.906812626284,-1.09571351784009,0.233484639476771,-4.69287196063749,2.69396110580775e-06,9.89418442496663e-06
"b4279",121.492665750691,-1.05703576558869,0.375739448433211,-2.81321476889478,0.00490488793173004,0.0100224155136796
"b4655",6.66692973837683,-5.9291979956659,1.95967581929987,-3.0256014475824,0.00248139146796245,0.00538541055049893
"b4623",230.435262618322,-1.83463040139618,0.29093337881577,-6.30601551758674,2.86310343022934e-10,1.71543569929843e-09
"b4287",241.431241069719,-0.936587230946143,0.288999736508652,-3.24078922098983,0.00119199285447929,0.00278131666045168
"b4288",243.461775297309,-0.822254888897502,0.341394511184403,-2.40851818632012,0.0160174282352975,0.0292114920783026
"b4289",346.575918273965,-1.18331887523392,0.340334840146628,-3.47692547352515,0.00050719877868169,0.00127159410116296
"b4294",73.6881667199963,-1.21640239690149,0.431368016708458,-2.81987154769428,0.00480428768105196,0.00985006686467975
"b4296",164.234481712849,-2.56374304219638,0.348633872429356,-7.35368317579606,1.92818459003466e-13,1.63260659299941e-12
"b4297",645.898184227314,-0.567840761270829,0.233328689263687,-2.43365169993779,0.0149473704953747,0.0274250629936763
"b4298",200.679158749406,-0.849683442745941,0.333134492060423,-2.55057180507093,0.010754636753672,0.0203744772141925
"b4299",62.4882287169025,-1.3433949587717,0.471027245466808,-2.85205361621989,0.00434377732500767,0.00902365495234209
"b4304",317.283715404929,0.633183137587208,0.266324105892058,2.37749089766527,0.0174308731784112,0.0314378248396344
"b4565",41.9237724754702,1.31000904390535,0.573133104563062,2.28569774364029,0.0222719473590226,0.039202323940653
"b4306",372.325772835594,-1.97283350920319,0.332571356368686,-5.93206080867686,2.99155779946568e-09,1.57251402544404e-08
"b4307",257.422440619845,-2.10602831223155,0.334898805785085,-6.28855127534569,3.20442231078166e-10,1.90915160706964e-09
"b4566",297.197862115212,-1.62799984547062,0.352309460263805,-4.62093707120892,3.82010644716858e-06,1.35719359705939e-05
"b4309",54.4810255142209,-2.51337861419802,0.593885060477727,-4.23209604258479,2.31523497393428e-05,7.37883302736979e-05
"b4310",129.556479668272,-0.998559665420754,0.358300048455306,-2.78693700915118,0.00532088207191848,0.0107584279070916
"b4311",15.9390898923032,-5.70592503610386,1.66707406027605,-3.42271838550412,0.000619982729689939,0.00152816196359368
"b4312",118.115579612009,-3.31862512972033,0.523081655305441,-6.34437299809816,2.23333134986483e-10,1.3495429609867e-09
"b4313",68.8772158779573,-2.57270151411611,0.522830484557764,-4.92071826357299,8.6227179897362e-07,3.38288211961342e-06
"b4314",8946.00722678327,-2.30917682441115,0.344881646037244,-6.69556310387644,2.14842709695966e-11,1.45585107752442e-10
"b4315",741.43825479866,-1.5359686576874,0.384947476926713,-3.99007332104118,6.60528732072226e-05,0.000193175069113075
"b4316",403.633489270348,-2.03596637343641,0.426430304604557,-4.77444110198602,1.80207011918817e-06,6.78294715669583e-06
"b4317",718.932673528574,-2.77513131790259,0.344994747651997,-8.04398135562899,8.69657576387053e-16,9.10885787415772e-15
"b4318",95.0074941379739,-2.55552722914702,0.467270987751677,-5.46904750376909,4.52460481244071e-08,2.06602514686475e-07
"b4319",102.328248630111,-2.47601604932703,0.472323020777319,-5.24220912470488,1.58665395070669e-07,6.76440809939475e-07
"b4320",300.18249695348,-1.64334167765043,0.365178679766801,-4.50010301450195,6.79205389837573e-06,2.35969636665928e-05
"b4321",418.722205158258,-1.09406136586551,0.251556483461867,-4.34916783224693,1.36655101303363e-05,4.54659560571659e-05
"b4323",839.334038361035,0.614166639827453,0.238026380043548,2.58024610429772,0.00987299265290292,0.0188739228632781
"b4324",1791.20093509643,1.09263092439234,0.246080710889877,4.4401323469896,8.99035717159759e-06,3.0830311335422e-05
"b4325",28.9524666529153,-2.38058437524474,0.962858405646488,-2.47241376435443,0.0134204087648273,0.0249143868623184
"b4721",17.0042131834563,2.55588723479136,0.882719322253011,2.89546990799729,0.00378591326314247,0.00796224296591491
"b4327",385.294627702265,-0.669288589895952,0.272281150823283,-2.45807904025767,0.0139682427739552,0.0258362678595189
"b4328",737.263522433147,-0.767808937903125,0.252167579598356,-3.04483605357225,0.00232807178991448,0.00508269713474897
"b4331",357.740077195302,0.971498773755791,0.261908862926601,3.70930087244909,0.000207832338171108,0.000556581299571869
"b4333",93.0812828336703,-2.58595526480601,0.422816778648198,-6.11601855790504,9.59421573454645e-10,5.30621423024068e-09
"b4334",186.370370566715,1.55477115803269,0.330683673814115,4.70168708391288,2.5802070456225e-06,9.51759851089621e-06
"b4335",721.746308168759,1.41231811657631,0.220130193049653,6.41583099987444,1.40056750487706e-10,8.68597566621126e-10
"b4336",808.010574018345,0.753114644132488,0.251808169959255,2.99082688323556,0.00278223172660088,0.00598186871983828
"b4340",354.59381440845,-0.906157504322668,0.343020366977779,-2.64170175172534,0.00824906607414472,0.0161181659541787
"b4342",367.195045157849,-3.44189776941503,0.289463570702661,-11.8906077233137,1.32439385070694e-32,4.56754367048685e-31
"b4345",166.503808466091,-2.09634812285259,0.328279002060445,-6.3858733263317,1.7042203347853e-10,1.04924566910874e-09
"b4346",310.498388118466,-0.651383442601374,0.254883749723315,-2.55560993318904,0.0106001871462677,0.0201117318362274
"b4347",142.148632047586,-2.70809220861747,0.390786586892526,-6.92984943560063,4.21288761100562e-12,3.06536350701301e-11
"b4348",608.593386477085,-1.40917921874403,0.261925866173214,-5.38006894596703,7.44573172557304e-08,3.28339912529505e-07
"b4349",1297.85174471631,-1.22544037302511,0.232727579852014,-5.26555715400959,1.39764827761921e-07,5.99476642432831e-07
"b4350",8516.50983485947,0.915002558150071,0.228335038087853,4.00728055498,6.14218858955706e-05,0.000180187856133479
"b4355",754.418293896687,-2.24425006362696,0.333222763252884,-6.73498425413329,1.6394768825995e-11,1.13083917658326e-10
"b4356",546.369017195746,-0.582187840481664,0.217225171469494,-2.68011223811336,0.00735974783874567,0.014527710717524
"b4357",447.491032194514,0.616675431187182,0.267741522827236,2.30324913623913,0.021264829649775,0.037616933850853
"b4358",55.5842054843802,-1.79916653474813,0.493643402188606,-3.64466845251327,0.000267736726526614,0.000703679797971435
"b4360",485.85539233183,-0.714340181110129,0.25292376876544,-2.8243299734024,0.00473795789443943,0.00973116690836966
"b4361",789.591362956816,0.479622214468453,0.209248037414614,2.29212288150692,0.0218985533834902,0.0386252238888838
"b4362",805.443563020274,0.491575842944137,0.205389254110976,2.39338637784102,0.0166936509634343,0.0302884804905424
"b4365",26.9526455267163,-4.43682656082319,1.00085319014821,-4.43304433107333,9.29117526136004e-06,3.17591985968487e-05
"b4366",130.78100520664,-1.40615235111584,0.532154629296907,-2.64237549332921,0.00823267279603648,0.0161009672663839
"b4567",233.826694821882,-4.53258917665184,0.456527604448783,-9.92840111415507,3.13237816637957e-23,5.98538206386582e-22
"b4371",1338.12802032381,-1.10259785518443,0.190559476451627,-5.78610875573182,7.20355858958119e-09,3.62485119062911e-08
"b4372",420.809882403645,-1.2432037934926,0.242377766341876,-5.12919898658961,2.90977642856091e-07,1.20775651760816e-06
"b4373",386.515525480734,-0.980660921855293,0.298013422310534,-3.29066024695167,0.000999525539460325,0.00236870801027413
"b4375",3543.83184673234,-1.64150325860203,0.190404584398512,-8.62113306666193,6.62948160770455e-18,8.47056053610925e-17
"b4376",21151.8053601693,1.33261693298274,0.16627907377682,8.01433940371465,1.10730540543418e-15,1.15127194359113e-14
"b4377",1322.83996953085,1.90709750039149,0.191937196446586,9.93604958131301,2.90104501919263e-23,5.56843120878513e-22
"b4378",911.881377257396,2.09981668316978,0.197002061193404,10.6588564122094,1.58534768157698e-26,3.90990980537764e-25
"b4380",2014.9715324881,0.593696422851233,0.241343569374496,2.45996371227106,0.0138951064305982,0.0257280844515921
"b4381",2941.76922419711,0.412242985338624,0.182780383235069,2.25540059629073,0.0241081953569073,0.0420505611447372
"b4382",4751.60036807429,0.783297334297386,0.183427758916878,4.2703314859358,1.9518264949584e-05,6.34455784797972e-05
"b4383",15813.4786127663,1.16214850150553,0.173306716329885,6.705732623157,2.00398367715739e-11,1.36890479202925e-10
"b4384",9498.87463551322,1.18367580763615,0.170889556210199,6.92655440090322,4.31214107428707e-12,3.1268551174574e-11
"b4385",777.226903021317,-0.653667327901778,0.197993204437819,-3.30146345051486,0.000961818652558489,0.00228573373902135
"b4388",1038.45871186681,-0.666765561949751,0.204272574837372,-3.2640973095903,0.00109813442459945,0.00258771043436199
"b4390",2754.24713971825,1.58436016520005,0.182912231729877,8.66186011846277,4.64127670716923e-18,6.03935453736561e-17
"b4392",3359.49715440608,0.593291228630577,0.200330630796996,2.96156022806011,0.0030608462281937,0.0065115896188554
"b4393",826.200731710424,1.88693317623611,0.205028779168289,9.20326006861359,3.47251160559097e-20,5.4355698269066e-19
"b4396",8434.37289839036,1.32809720972556,0.218340664961566,6.0826837270984,1.18187341644556e-09,6.46070493886865e-09
"b4401",16811.939315466,0.578899637488702,0.215296187286535,2.68885224947459,0.00716981458560872,0.0141725785051967
"b4402",3661.94379363538,1.23352775300334,0.217244863784494,5.6780525510007,1.36236864707273e-08,6.6123201383095e-08
"b4824",248.789714629901,-1.34377383762602,0.376955806098474,-3.56480472216147,0.000364127189625199,0.000936137902054603
